{"name":"8b9ceffe-6a30-4780-b589-a910c838d89a","id":"/providers/Microsoft.Flow/flows/8b9ceffe-6a30-4780-b589-a910c838d89a","type":"Microsoft.Flow/flows","properties":{"apiId":"/providers/Microsoft.PowerApps/apis/shared_logicflows","displayName":"DeploySPList - London Tubes","definition":{"metadata":{"workflowEntityId":null,"processAdvisorMetadata":null,"flowChargedByPaygo":null,"flowclientsuspensionreason":"None","flowclientsuspensiontime":null,"flowclientsuspensionreasondetails":null,"creator":{"id":"08a5b26d-e908-49af-b8c6-e84d06beda87","type":"User","tenantId":"d2af3166-e76b-4d03-9942-fbc79d6b69f9"},"provisioningMethod":"FromDefinition","failureAlertSubscription":true,"clientLastModifiedTime":"2024-11-28T15:50:30.0783826Z","connectionKeySavedTimeKey":"2024-11-28T15:50:30.0783826Z"},"$schema":"https://schema.management.azure.com/providers/Microsoft.Logic/schemas/2016-06-01/workflowdefinition.json#","contentVersion":"1.0.0.0","parameters":{"$authentication":{"defaultValue":{},"type":"SecureObject"},"$connections":{"defaultValue":{},"type":"Object"}},"triggers":{"manual":{"metadata":{"operationMetadataId":"d1e82682-052b-4901-a0c9-4c87eb1746ed"},"type":"Request","kind":"Button","inputs":{"schema":{"type":"object","properties":{},"required":[]}}}},"actions":{"Initialize_variable_-_Target_Site_for_Lists":{"runAfter":{},"metadata":{"operationMetadataId":"d507727a-ee54-4e08-9c9d-3df35a97e8d8"},"type":"InitializeVariable","inputs":{"variables":[{"name":"varSitePrefix","type":"string","value":"https://leonarmstondev.sharepoint.com/sites/LondonTubes"}]},"description":"Internal URL for the site (rather than the display name)"},"Initialize_variable_-_List_Name":{"runAfter":{"Initialize_variable_-_Target_Site_for_Lists":["Succeeded"]},"metadata":{"operationMetadataId":"18c25525-fe2e-4219-acb0-5613f6d982cf"},"type":"InitializeVariable","inputs":{"variables":[{"name":"varListName","type":"string","value":"Tube Status"}]}},"Scope_-_Tube_Status_List":{"actions":{"Send_an_HTTP_request_to_SharePoint_Create_Tube_Status_List":{"metadata":{"operationMetadataId":"18a5e54f-bd41-472a-9da6-87b1466a754a"},"type":"OpenApiConnection","inputs":{"parameters":{"dataset":"@variables('varSitePrefix')","parameters/method":"POST","parameters/uri":"/_api/web/lists","parameters/headers":{"Accept":"application/json;odata=verbose","Content-Type":"application/json;odata=verbose"},"parameters/body":"{\n  \"__metadata\": {\"type\": \"SP.List\"},\n  \"AllowContentTypes\": true,\n  \"BaseTemplate\": 100,\n \"Description\": \"List to display the latest TFL status information pulled down from the TFL API via Power Automate. Solution by Leon Armston https://leonarmston.com\",\n\"EnableAttachments\": false,\n\"OnQuickLaunch\": false,\n \"Title\": \"@{replace(variables('varListName'), ' ', '')}\"\n}"},"host":{"apiId":"/providers/Microsoft.PowerApps/apis/shared_sharepointonline","connectionName":"shared_sharepointonline","operationId":"HttpRequest"},"authentication":{"value":"@json(decodeBase64(triggerOutputs().headers['X-MS-APIM-Tokens']))['$ConnectionKey']","type":"Raw"}},"description":"Creates List with no spaces in list name so list url has no spaces"},"Add_column_LineID_Single_Line_of_Text":{"runAfter":{"Rename_Title_Column_To_LineName":["Succeeded"]},"metadata":{"operationMetadataId":"72a568cb-c274-49f7-9e88-28ead3237a93"},"type":"OpenApiConnection","inputs":{"parameters":{"dataset":"@variables('varSitePrefix')","parameters/method":"POST","parameters/uri":"_api/lists/getbytitle('@{variables('varListName')}')/fields","parameters/headers":{"Accept":"application/json;odata=verbose","Content-Type":"application/json;odata=verbose"},"parameters/body":"{\n    '__metadata': {'type':'SP.FieldText', 'addToDefaultView': 'true' },\n    'FieldTypeKind': 2,\n    'Title': 'LineID'\n}"},"host":{"apiId":"/providers/Microsoft.PowerApps/apis/shared_sharepointonline","connectionName":"shared_sharepointonline","operationId":"HttpRequest"},"authentication":{"value":"@json(decodeBase64(triggerOutputs().headers['X-MS-APIM-Tokens']))['$ConnectionKey']","type":"Raw"}}},"Add_column_Reason_Multiple_Lines_of_Text":{"runAfter":{"Add_LineStatus_to_Default_View":["Succeeded"]},"metadata":{"operationMetadataId":"5d782c85-067e-45dd-91dd-9c677bd5b864"},"type":"OpenApiConnection","inputs":{"parameters":{"dataset":"@variables('varSitePrefix')","parameters/method":"POST","parameters/uri":"_api/lists/getbytitle('@{variables('varListName')}')/fields","parameters/headers":{"Accept":"application/json;odata=verbose","Content-Type":"application/json;odata=verbose"},"parameters/body":"{\n    '__metadata': {'type':'SP.FieldMultiLineText', 'addToDefaultView': 'true' },\n    'FieldTypeKind': 3,\n    'Title': 'Reason',\n'NumberOfLines': '99'\n}"},"host":{"apiId":"/providers/Microsoft.PowerApps/apis/shared_sharepointonline","connectionName":"shared_sharepointonline","operationId":"HttpRequest"},"authentication":{"value":"@json(decodeBase64(triggerOutputs().headers['X-MS-APIM-Tokens']))['$ConnectionKey']","type":"Raw"}}},"Add_Column_LineStatus_Multiple_Lines_of_Text":{"runAfter":{"Add_LineID_to_Default_View":["Succeeded"]},"metadata":{"operationMetadataId":"27918394-4d4d-46d8-9665-2b66ebfa79e3"},"type":"OpenApiConnection","inputs":{"parameters":{"dataset":"@variables('varSitePrefix')","parameters/method":"POST","parameters/uri":"_api/lists/getbytitle('@{variables('varListName')}')/fields","parameters/headers":{"Accept":"application/json;odata=verbose","Content-Type":"application/json;odata=verbose"},"parameters/body":"{\n    '__metadata': {'type':'SP.Field', 'addToDefaultView': 'true' },\n    'FieldTypeKind': 3,\n    'Title': 'LineStatus'\n}"},"host":{"apiId":"/providers/Microsoft.PowerApps/apis/shared_sharepointonline","connectionName":"shared_sharepointonline","operationId":"HttpRequest"},"authentication":{"value":"@json(decodeBase64(triggerOutputs().headers['X-MS-APIM-Tokens']))['$ConnectionKey']","type":"Raw"}}},"Add_Column_ModeName_Single_Line_of_Text":{"runAfter":{"Add_Good_Service_to_Default_View":["Succeeded"]},"metadata":{"operationMetadataId":"e7fd0152-e6b8-4763-8193-b4f4fdee73d9"},"type":"OpenApiConnection","inputs":{"parameters":{"dataset":"@variables('varSitePrefix')","parameters/method":"POST","parameters/uri":"_api/lists/getbytitle('@{variables('varListName')}')/fields","parameters/headers":{"Accept":"application/json;odata=verbose","Content-Type":"application/json;odata=verbose"},"parameters/body":"{\n    '__metadata': {'type':'SP.FieldText'},\n    'FieldTypeKind': 2,\n    'Title': 'ModeName'\n}"},"host":{"apiId":"/providers/Microsoft.PowerApps/apis/shared_sharepointonline","connectionName":"shared_sharepointonline","operationId":"HttpRequest"},"authentication":{"value":"@json(decodeBase64(triggerOutputs().headers['X-MS-APIM-Tokens']))['$ConnectionKey']","type":"Raw"}}},"Add_LineID_to_Default_View":{"runAfter":{"Add_column_LineID_Single_Line_of_Text":["Succeeded"]},"metadata":{"operationMetadataId":"e899e09a-8239-4bd2-adc8-d09d4c28fa85"},"type":"OpenApiConnection","inputs":{"parameters":{"dataset":"@variables('varSitePrefix')","parameters/method":"POST","parameters/uri":"_api/web/lists/GetByTitle('@{variables('varListName')}')/views/getbytitle('All Items')/ViewFields/AddViewField('LineID')","parameters/headers":{"accept":"application/json;odata=verbose","content-Type":"application/json;odata=verbose"}},"host":{"apiId":"/providers/Microsoft.PowerApps/apis/shared_sharepointonline","connectionName":"shared_sharepointonline","operationId":"HttpRequest"},"authentication":{"value":"@json(decodeBase64(triggerOutputs().headers['X-MS-APIM-Tokens']))['$ConnectionKey']","type":"Raw"}}},"Add_LineStatus_to_Default_View":{"runAfter":{"Add_Column_LineStatus_Multiple_Lines_of_Text":["Succeeded"]},"metadata":{"operationMetadataId":"9189e3b2-98bc-424d-a5ad-6b7bf964c804"},"type":"OpenApiConnection","inputs":{"parameters":{"dataset":"@variables('varSitePrefix')","parameters/method":"POST","parameters/uri":"_api/web/lists/GetByTitle('@{variables('varListName')}')/views/getbytitle('All Items')/ViewFields/AddViewField('LineStatus')","parameters/headers":{"accept":"application/json;odata=verbose","content-Type":"application/json;odata=verbose"}},"host":{"apiId":"/providers/Microsoft.PowerApps/apis/shared_sharepointonline","connectionName":"shared_sharepointonline","operationId":"HttpRequest"},"authentication":{"value":"@json(decodeBase64(triggerOutputs().headers['X-MS-APIM-Tokens']))['$ConnectionKey']","type":"Raw"}}},"Add_Reason_to_Default_View":{"runAfter":{"Add_column_Reason_Multiple_Lines_of_Text":["Succeeded"]},"metadata":{"operationMetadataId":"7946ebff-69dc-453e-a3f0-bd73ced8d804"},"type":"OpenApiConnection","inputs":{"parameters":{"dataset":"@variables('varSitePrefix')","parameters/method":"POST","parameters/uri":"_api/web/lists/GetByTitle('@{variables('varListName')}')/views/getbytitle('All Items')/ViewFields/AddViewField('Reason')","parameters/headers":{"accept":"application/json;odata=verbose","content-Type":"application/json;odata=verbose"}},"host":{"apiId":"/providers/Microsoft.PowerApps/apis/shared_sharepointonline","connectionName":"shared_sharepointonline","operationId":"HttpRequest"},"authentication":{"value":"@json(decodeBase64(triggerOutputs().headers['X-MS-APIM-Tokens']))['$ConnectionKey']","type":"Raw"}}},"Add_ModeName_to_Default_View":{"runAfter":{"Add_Column_ModeName_Single_Line_of_Text":["Succeeded"]},"metadata":{"operationMetadataId":"9d133f2f-5998-49c9-ac9e-77a9e75d2e7d"},"type":"OpenApiConnection","inputs":{"parameters":{"dataset":"@variables('varSitePrefix')","parameters/method":"POST","parameters/uri":"_api/web/lists/GetByTitle('@{variables('varListName')}')/views/getbytitle('All Items')/ViewFields/AddViewField('ModeName')","parameters/headers":{"accept":"application/json;odata=verbose","content-Type":"application/json;odata=verbose"}},"host":{"apiId":"/providers/Microsoft.PowerApps/apis/shared_sharepointonline","connectionName":"shared_sharepointonline","operationId":"HttpRequest"},"authentication":{"value":"@json(decodeBase64(triggerOutputs().headers['X-MS-APIM-Tokens']))['$ConnectionKey']","type":"Raw"}}},"Add_Column_Good_Service_Boolean":{"runAfter":{"Add_Reason_to_Default_View":["Succeeded"]},"metadata":{"operationMetadataId":"a4e7057b-cb81-44b3-ad61-54c7161b73e9"},"type":"OpenApiConnection","inputs":{"parameters":{"dataset":"@variables('varSitePrefix')","parameters/method":"POST","parameters/uri":"_api/lists/getbytitle('@{variables('varListName')}')/fields","parameters/headers":{"Accept":"application/json;odata=verbose","Content-Type":"application/json;odata=verbose"},"parameters/body":"{\n    '__metadata': {'type':'SP.Field', 'addToDefaultView': 'true' },\n    'FieldTypeKind': 8,\n    'Title': 'GoodService'\n}"},"host":{"apiId":"/providers/Microsoft.PowerApps/apis/shared_sharepointonline","connectionName":"shared_sharepointonline","operationId":"HttpRequest"},"authentication":{"value":"@json(decodeBase64(triggerOutputs().headers['X-MS-APIM-Tokens']))['$ConnectionKey']","type":"Raw"}}},"Add_Good_Service_to_Default_View":{"runAfter":{"Add_Column_Good_Service_Boolean":["Succeeded"]},"metadata":{"operationMetadataId":"832fa497-6a37-476c-9b1d-355851f07b0c"},"type":"OpenApiConnection","inputs":{"parameters":{"dataset":"@variables('varSitePrefix')","parameters/method":"POST","parameters/uri":"_api/web/lists/GetByTitle('@{variables('varListName')}')/views/getbytitle('All Items')/ViewFields/AddViewField('GoodService')","parameters/headers":{"accept":"application/json;odata=verbose","content-Type":"application/json;odata=verbose"}},"host":{"apiId":"/providers/Microsoft.PowerApps/apis/shared_sharepointonline","connectionName":"shared_sharepointonline","operationId":"HttpRequest"},"authentication":{"value":"@json(decodeBase64(triggerOutputs().headers['X-MS-APIM-Tokens']))['$ConnectionKey']","type":"Raw"}}},"Set_Default_View's_View_Formatting_and_Sort_Order":{"runAfter":{"Add_ModeName_to_Default_View":["Succeeded"]},"metadata":{"operationMetadataId":"dcb34c5d-cd95-4615-a359-02d777c14f42"},"type":"OpenApiConnection","inputs":{"parameters":{"dataset":"@variables('varSitePrefix')","parameters/method":"POST","parameters/uri":"_api/web/lists/GetByTitle('@{variables('varListName')}')/views/getByTitle('All Items')","parameters/headers":{"accept":"application/json;odata=verbose","content-Type":"application/json;odata=verbose","IF-MATCH":"*","X-HTTP-Method":"PATCH"},"parameters/body":"{'__metadata':{'type': 'SP.View'},'ViewQuery':'<OrderBy><FieldRef Name=\\\"GoodService\\\" /><FieldRef Name=\\\"Title\\\" /></OrderBy>', 'CustomFormatter': '@{outputs('Compose_escape_apostophe_and_new_line_character_in_JSON')}', 'Title': 'All Modes'}"},"host":{"apiId":"/providers/Microsoft.PowerApps/apis/shared_sharepointonline","connectionName":"shared_sharepointonline","operationId":"HttpRequest"},"authentication":{"value":"@json(decodeBase64(triggerOutputs().headers['X-MS-APIM-Tokens']))['$ConnectionKey']","type":"Raw"}}},"Create_All_Items_(No_Styling_View)":{"runAfter":{"Create_Tubes_Only_View":["Succeeded"]},"metadata":{"operationMetadataId":"a013eaef-3503-49ee-b070-eccdac6e5f39"},"type":"OpenApiConnection","inputs":{"parameters":{"dataset":"@variables('varSitePrefix')","parameters/method":"POST","parameters/uri":"_api/web/lists/GetByTitle('@{variables('varListName')}')/views","parameters/headers":{"accept":"application/json;odata=verbose","content-Type":"application/json;odata=verbose"},"parameters/body":"{'__metadata':{'type': 'SP.View'},'ViewType': 'HTML','Title':'All Modes (No Styling)','PersonalView':false,'ViewQuery':'<OrderBy><FieldRef Name=\\\"GoodService\\\" /><FieldRef Name=\\\"Title\\\" /></OrderBy>', 'MobileView': true}"},"host":{"apiId":"/providers/Microsoft.PowerApps/apis/shared_sharepointonline","connectionName":"shared_sharepointonline","operationId":"HttpRequest"},"authentication":{"value":"@json(decodeBase64(triggerOutputs().headers['X-MS-APIM-Tokens']))['$ConnectionKey']","type":"Raw"}}},"Rename_Title_Column_To_LineName":{"runAfter":{"Rename_Tube_Status_List_Back_To_Original_Name_(With_Spaces)":["Succeeded"]},"metadata":{"operationMetadataId":"0627316b-aebd-480b-963f-a8f34f54f0ba"},"type":"OpenApiConnection","inputs":{"parameters":{"dataset":"@variables('varSitePrefix')","parameters/method":"POST","parameters/uri":"_api/web/lists/GetByTitle('@{variables('varListName')}')/fields/getbytitle('Title')","parameters/headers":{"accept":"application/json;odata=verbose","content-Type":"application/json;odata=verbose","IF-MATCH":"*","X-HTTP-Method":"PATCH"},"parameters/body":"{'__metadata':{'type': 'SP.FieldText'},'Title': 'LineName'}"},"host":{"apiId":"/providers/Microsoft.PowerApps/apis/shared_sharepointonline","connectionName":"shared_sharepointonline","operationId":"HttpRequest"},"authentication":{"value":"@json(decodeBase64(triggerOutputs().headers['X-MS-APIM-Tokens']))['$ConnectionKey']","type":"Raw"}}},"Rename_Tube_Status_List_Back_To_Original_Name_(With_Spaces)":{"runAfter":{"Send_an_HTTP_request_to_SharePoint_Create_Tube_Status_List":["Succeeded"]},"metadata":{"operationMetadataId":"3293f484-d7bc-403c-ac68-f9370e90f71b"},"type":"OpenApiConnection","inputs":{"parameters":{"dataset":"@variables('varSitePrefix')","parameters/method":"POST","parameters/uri":"/_api/web/lists/getbyTitle('@{replace(variables('varListName'), ' ', '')}')","parameters/headers":{"accept":"application/json;odata=verbose","content-type":"application/json;odata=verbose","IF-MATCH":"*","X-HTTP-Method":"MERGE"},"parameters/body":"{\n    \"__metadata\": {\n        \"type\": \"SP.List\"\n    },\n    \"Title\": \"@{variables('varListName')}\"\n}"},"host":{"apiId":"/providers/Microsoft.PowerApps/apis/shared_sharepointonline","connectionName":"shared_sharepointonline","operationId":"HttpRequest"},"authentication":{"value":"@json(decodeBase64(triggerOutputs().headers['X-MS-APIM-Tokens']))['$ConnectionKey']","type":"Raw"}}},"Create_Tubes_Only_View":{"runAfter":{"Set_Default_View's_View_Formatting_and_Sort_Order":["Succeeded"]},"metadata":{"operationMetadataId":"48834e68-5415-442e-abb6-d1b7f1c02dff"},"type":"OpenApiConnection","inputs":{"parameters":{"dataset":"@variables('varSitePrefix')","parameters/method":"POST","parameters/uri":"_api/web/lists/GetByTitle('@{variables('varListName')}')/views","parameters/headers":{"accept":"application/json;odata=verbose","content-Type":"application/json;odata=verbose"},"parameters/body":"{'__metadata':{'type': 'SP.View'},'ViewType': 'HTML','Title':'Tubes Only','PersonalView':false,'ViewQuery':'<OrderBy><FieldRef Name=\\\"GoodService\\\" /><FieldRef Name=\\\"Title\\\" /></OrderBy><Where><Eq><FieldRef Name=\\\"ModeName\\\" /><Value Type=\\\"Text\\\">Tube</Value></Eq></Where>', 'CustomFormatter': '@{outputs('Compose_escape_apostophe_and_new_line_character_in_JSON')}','MobileView': true}"},"host":{"apiId":"/providers/Microsoft.PowerApps/apis/shared_sharepointonline","connectionName":"shared_sharepointonline","operationId":"HttpRequest"},"authentication":{"value":"@json(decodeBase64(triggerOutputs().headers['X-MS-APIM-Tokens']))['$ConnectionKey']","type":"Raw"}}}},"runAfter":{"Compose_escape_apostophe_and_new_line_character_in_JSON":["Succeeded"]},"metadata":{"operationMetadataId":"8a80f517-d116-4845-a8ed-b5bda6f117d4"},"type":"Scope"},"Initialize_variable_JSON_viewFormatting_All_Items":{"runAfter":{"Initialize_variable_-_List_Name":["Succeeded"]},"metadata":{"operationMetadataId":"374266a8-9515-4627-ab8f-de18b57ccda1"},"type":"InitializeVariable","inputs":{"variables":[{"name":"JSON","type":"string","value":"{\n    \"$schema\": \"https://developer.microsoft.com/json-schemas/sp/view-formatting.schema.json\",\n    \"schema\": \"https://developer.microsoft.com/json-schemas/sp/view-formatting.schema.json\",\n    \"hideSelection\": true,\n    \"hideColumnHeader\": true,\n    \"rowFormatter\": {\n      \"elmType\": \"div\",\n      \"style\": {\n        \"font-size\": \"16px\",\n        \"line-height\": \"16px\",\n        \"display\": \"flex\",\n        \"flex-direction\": \"row\",\n        \"align-items\": \"stretch\",\n        \"position\": \"relative\",\n        \"min-height\": \"44px\",\n        \"width\": \"340px\"\n      },\n      \"children\": [\n        {\n          \"elmType\": \"div\",\n          \"attributes\": {\n            \"class\": \"=if([$LineID] == 'circle' || [$LineID] == 'hammersmith-city' || [$LineID] == 'victoria' || [$LineID] == 'waterloo-city' || [$LineID] == 'dlr' || [$LineID] == 'london-overground' || [$LineID] == 'suffragette' || [$LineID] == 'lioness' || [$LineID] == 'tram', 'ms-fontColor-black','ms-fontColor-white')\"\n          },\n          \"style\": {\n            \"display\": \"flex\",\n            \"align-items\": \"center\",\n            \"text-shadow\": \"=if([$LineID] == 'circle' || [$LineID] == 'hammersmith-city' || [$LineID] == 'victoria' || [$LineID] == 'waterloo-city' || [$LineID] == 'dlr' || [$LineID] == 'london-overground' || [$LineID] == 'suffragette' || [$LineID] == 'lioness' || [$LineID] == 'tram', '0 1px 0 rgba(255,255,255,0.6)','none')\",\n            \"background-color\": \"=if([$LineID]=='bakerloo', '#894E24', if([$LineID]=='central', '#DC241F', if([$LineID]=='circle', '#FCCE00', if([$LineID]=='district', '#007229', if([$LineID]=='hammersmith-city', '#D799AF', if([$LineID]=='elizabeth', '#6950A1',if([$LineID]=='jubilee', '#6A7278', if([$LineID]=='metropolitan', '#751056', if([$LineID]=='northern', '#000000', if([$LineID]=='piccadilly', '#0019A8', if([$LineID]=='victoria', '#00A0E2', if([$LineID]=='waterloo-city', '#76D0BD', if([$LineID]=='dlr', '#00AFAD', if([$LineID]=='tfl-rail', '#0019A8', if([$LineID]=='tram', '#66CC00', if([$LineID]=='liberty', '#61686B', if([$LineID]=='mildmay', '#006FE6', if([$LineID]=='suffragette', '#18A95D', if([$LineID]=='weaver', '#9B0058',if([$LineID]=='windrush', '#DC241F','#D29200')))))))))))))))))))\",\n            \"width\": \"150px\",\n            \"padding\": \"0 10px\",\n            \"border-bottom\": \"1px solid #CCC\",\n            \"border-top\": \"=if(@rowIndex==0, '1px solid #CCC', 'none')\"\n          },\n          \"children\": [\n            {\n              \"elmType\": \"span\",\n              \"txtContent\": \"[$Title]\"\n            }\n          ]\n        },\n        {\n          \"elmType\": \"div\",\n          \"style\": {\n            \"display\": \"=if([$LineStatus] == 'Good Service', 'flex','none')\",\n            \"align-items\": \"center\",\n            \"width\": \"150px\",\n            \"border-bottom\": \"1px solid #CCC\",\n            \"border-top\": \"=if(@rowIndex==0, '1px solid #CCC', 'none')\",\n            \"padding\": \"10px\"\n          },\n          \"attributes\": {\n            \"class\": \"ms-fontColor-black ms-bgColor-white\"\n          },\n          \"children\": [\n            {\n              \"elmType\": \"span\",\n              \"txtContent\": \"[$LineStatus]\"\n            }\n          ]\n        },\n        {\n          \"elmType\": \"div\",\n          \"style\": {\n            \"display\": \"=if([$LineStatus] != 'Good Service', 'flex','none')\",\n            \"background-color\": \"#FAF5E1\",\n            \"width\": \"150px\",\n            \"padding\": \"10px\",\n            \"border-bottom\": \"1px solid #CCC\",\n            \"border-top\": \"=if(@rowIndex==0, '1px solid #CCC', 'none')\",\n            \"align-items\": \"center\",\n            \"min-height\": \"100%\"\n          },\n          \"children\": [\n            {\n              \"elmType\": \"div\",\n              \"txtContent\": \"[$LineStatus]\",\n              \"style\": {\n                \"flex-grow\": \"1\",\n                \"color\": \"#2070b0\"\n              }\n            },\n            {\n              \"elmType\": \"div\",\n              \"style\": {\n                \"color\": \"#1A5A92\",\n                \"font-weight\": \"900\",\n                \"font-size\": \"14px\"\n              },\n              \"attributes\": {\n                \"iconName\": \"add\"\n              }\n            }\n          ]\n        },\n        {\n          \"elmType\": \"div\",\n          \"style\": {\n            \"display\": \"=if([$LineStatus] != 'Good Service', 'inherit','none')\",\n            \"position\": \"absolute\",\n            \"top\": \"0\",\n            \"left\": \"0\",\n            \"right\": \"0\",\n            \"bottom\": \"0\",\n            \"outline\": \"none\",\n            \"cursor\": \"pointer\"\n          },\n          \"customCardProps\": {\n            \"openOnEvent\": \"click\",\n            \"directionalHint\": \"bottomCenter\",\n            \"isBeakVisible\": true,\n            \"formatter\": {\n              \"elmType\": \"div\",\n              \"style\": {\n                \"padding\": \"15px\",\n                \"font-size\": \"18px\",\n                \"font-weight\": \"550\"\n              },\n              \"children\": [\n                {\n                  \"elmType\": \"span\",\n                  \"style\": {\n                    \"overflow-x\": \"auto\",\n                    \"max-width\": \"400px\",\n                    \"max-height\": \"200px\"\n                  },\n                  \"txtContent\": \"=replace(replace(replace(replace(replace(replace(replace(replace(replace(replace(replace(replace(replace(replace(replace(replace(replace(replace(replace(replace([$Reason],'\\n','||'),'\\n','||'),'\\n','||'),'\\n','||'),'\\n','||'),'\\n','||'),'\\n','||'),'\\n','||'),'\\n','||'),'\\n','||'),'||','\\n\\n'),'||','\\n\\n'),'||','\\n\\n'),'||','\\n\\n'),'||','\\n\\n'),'||','\\n\\n'),'||','\\n\\n'),'||','\\n\\n'),'||','\\n\\n'),'||','\\n\\n')\"\n                }\n              ]\n            }\n          }\n        }\n      ]\n    }\n  }"}]}},"Compose_escape_apostophe_and_new_line_character_in_JSON":{"runAfter":{"Initialize_variable_quickLaunchID":["Succeeded"]},"metadata":{"operationMetadataId":"02931cd5-3374-498f-ad5d-6b0f4f596977"},"type":"Compose","inputs":"@replace(replace(variables('JSON'),'''', '\\'''),'\\n','\\\\n')","description":"Replace ' with \\' & \\n with \\\\ - this is needed so view formatting JSON can be sent via REST API"},"Initialize_variable_quickLaunchID":{"runAfter":{"Initialize_variable_JSON_viewFormatting_All_Items":["Succeeded"]},"metadata":{"operationMetadataId":"eb910591-20a2-4294-b2b7-249b32160e0f"},"type":"InitializeVariable","inputs":{"variables":[{"name":"quickLaunchID","type":"integer"}]}},"Scope_Navigation":{"actions":{"Parse_JSON_2_First_List_View":{"runAfter":{"Parse_JSON_List_Views":["Succeeded"]},"metadata":{"operationMetadataId":"5cd4d486-5ed0-4832-b487-08e82db0ecdd"},"type":"ParseJson","inputs":{"content":"@array(first(body('Parse_JSON_List_Views')))","schema":{"type":"array","items":{"type":"object","properties":{"__metadata":{"type":"object","properties":{"id":{"type":"string"},"uri":{"type":"string"},"type":{"type":"string"}}},"DefaultView":{"type":"boolean"},"ServerRelativePath":{"type":"object","properties":{"__metadata":{"type":"object","properties":{"type":{"type":"string"}}},"DecodedUrl":{"type":"string"}}},"ServerRelativeUrl":{"type":"string"},"Title":{"type":"string"}},"required":["__metadata","DefaultView","ServerRelativePath","ServerRelativeUrl","Title"]}}}},"Apply_to_each_first_List_View_Item":{"foreach":"@body('Parse_JSON_2_First_List_View')","actions":{"Add_London_Tubes_Quick_Launch_Header":{"metadata":{"operationMetadataId":"45fcdb64-d183-4d67-b81b-236df9840fc8"},"type":"OpenApiConnection","inputs":{"parameters":{"dataset":"@variables('varSitePrefix')","parameters/method":"POST","parameters/uri":"/_api/web/navigation/QuickLaunch","parameters/headers":{"Accept":"application/json;odata=verbose","Content-Type":"application/json;odata=verbose"},"parameters/body":"{'__metadata':{'type': 'SP.NavigationNode'},'Title': '@{variables('varListName')}','Url':'@{replace(items('Apply_to_each_first_List_View_Item')['ServerRelativeUrl'], '/AllItems.aspx','')}'}"},"host":{"apiId":"/providers/Microsoft.PowerApps/apis/shared_sharepointonline","connectionName":"shared_sharepointonline","operationId":"HttpRequest"},"authentication":{"value":"@json(decodeBase64(triggerOutputs().headers['X-MS-APIM-Tokens']))['$ConnectionKey']","type":"Raw"}}},"Parse_JSON_Response_from_created_Quick_Launch_Header":{"runAfter":{"Add_London_Tubes_Quick_Launch_Header":["Succeeded"]},"metadata":{"operationMetadataId":"dad0a2eb-728d-475a-a536-ba9a3600dce1"},"type":"ParseJson","inputs":{"content":"@outputs('Add_London_Tubes_Quick_Launch_Header')?['body']","schema":{"type":"object","properties":{"d":{"type":"object","properties":{"__metadata":{"type":"object","properties":{"id":{"type":"string"},"uri":{"type":"string"},"type":{"type":"string"}}},"Children":{"type":"object","properties":{"__deferred":{"type":"object","properties":{"uri":{"type":"string"}}}}},"AudienceIds":{},"CurrentLCID":{"type":"integer"},"Id":{"type":"integer"},"IsDocLib":{"type":"boolean"},"IsExternal":{"type":"boolean"},"IsVisible":{"type":"boolean"},"ListTemplateType":{"type":"integer"},"Title":{"type":"string"},"Url":{"type":"string"}}}}}}},"Set_variable_quicklaunchID":{"runAfter":{"Parse_JSON_Response_from_created_Quick_Launch_Header":["Succeeded"]},"metadata":{"operationMetadataId":"039d4919-6bc3-49aa-8aae-8e1e114104c5"},"type":"SetVariable","inputs":{"name":"quickLaunchID","value":"@body('Parse_JSON_Response_from_created_Quick_Launch_Header')?['d']?['Id']"}}},"runAfter":{"Parse_JSON_2_First_List_View":["Succeeded"]},"metadata":{"operationMetadataId":"87fc00e0-1e84-4b09-a715-c8b76dbb5335"},"type":"Foreach"},"Get_Tube_Status_List_Views":{"metadata":{"operationMetadataId":"7420d7c1-045e-4f7a-a95c-2643ce3deb45"},"type":"OpenApiConnection","inputs":{"parameters":{"dataset":"@variables('varSitePrefix')","parameters/method":"GET","parameters/uri":"/_api/web/lists/getbyTitle('@{variables('varListName')}')/views?$select=Title,DefaultView,ServerRelativePath,ServerRelativeUrl","parameters/headers":{"Accept":"application/json;odata=verbose","Content-Type":"application/json;odata=verbose"}},"host":{"apiId":"/providers/Microsoft.PowerApps/apis/shared_sharepointonline","connectionName":"shared_sharepointonline","operationId":"HttpRequest"},"authentication":{"value":"@json(decodeBase64(triggerOutputs().headers['X-MS-APIM-Tokens']))['$ConnectionKey']","type":"Raw"}}},"Parse_JSON_List_Views":{"runAfter":{"Get_Tube_Status_List_Views":["Succeeded"]},"metadata":{"operationMetadataId":"858d2aec-e89a-4adb-8c2b-8152033dea72"},"type":"ParseJson","inputs":{"content":"@outputs('Get_Tube_Status_List_Views')?['body']['d']['results']","schema":{"type":"array","items":{"type":"object","properties":{"__metadata":{"type":"object","properties":{"id":{"type":"string"},"uri":{"type":"string"},"type":{"type":"string"}}},"DefaultView":{"type":"boolean"},"ServerRelativePath":{"type":"object","properties":{"__metadata":{"type":"object","properties":{"type":{"type":"string"}}},"DecodedUrl":{"type":"string"}}},"Title":{"type":"string"},"ServerRelativeUrl":{"type":"string"}},"required":["__metadata","DefaultView","ServerRelativePath","Title"]}}}},"Apply_to_each_List_Views":{"foreach":"@body('Parse_JSON_List_Views')","actions":{"Add_Views_To_Quick_Launch_as_subheaders":{"metadata":{"operationMetadataId":"4fb27c76-5a79-4bbd-877c-dd6faf54d5ac"},"type":"OpenApiConnection","inputs":{"parameters":{"dataset":"@variables('varSitePrefix')","parameters/method":"POST","parameters/uri":"/_api/web/Navigation/GetNodeById(@{variables('quickLaunchID')})/Children","parameters/headers":{"Accept":"application/json;odata=verbose","Content-Type":"application/json;odata=verbose"},"parameters/body":"{ \n \"__metadata\": { type: \"SP.NavigationNode\" }, \n \"IsExternal\": true, \n \"Title\": \"@{items('Apply_to_each_List_Views')['Title']}\", \n \"Url\": \"@{items('Apply_to_each_List_Views')?['ServerRelativePath']?['DecodedUrl']}\" \n }"},"host":{"apiId":"/providers/Microsoft.PowerApps/apis/shared_sharepointonline","connectionName":"shared_sharepointonline","operationId":"HttpRequest"},"authentication":{"value":"@json(decodeBase64(triggerOutputs().headers['X-MS-APIM-Tokens']))['$ConnectionKey']","type":"Raw"}}}},"runAfter":{"Apply_to_each_first_List_View_Item":["Succeeded"]},"metadata":{"operationMetadataId":"f7e4a48d-356d-4557-b18d-2f0114df78c1"},"type":"Foreach"},"Add_Quicklaunch_Link":{"runAfter":{"Apply_to_each_List_Views":["Succeeded"]},"metadata":{"operationMetadataId":"61faeb1b-3f30-4aae-969f-d1b0162b2133"},"type":"OpenApiConnection","inputs":{"parameters":{"dataset":"@variables('varSitePrefix')","parameters/method":"POST","parameters/uri":"/_api/web/Navigation/GetNodeById(@{variables('quickLaunchID')})/Children","parameters/headers":{"Accept":"application/json;odata=verbose","Content-Type":"application/json;odata=verbose"},"parameters/body":"{ \n \"__metadata\": { type: \"SP.NavigationNode\" }, \n \"IsExternal\": true, \n \"Title\": \"Blog Post\", \n \"Url\": \"https://www.leonarmston.com/\" \n }"},"host":{"apiId":"/providers/Microsoft.PowerApps/apis/shared_sharepointonline","connectionName":"shared_sharepointonline","operationId":"HttpRequest"},"authentication":{"value":"@json(decodeBase64(triggerOutputs().headers['X-MS-APIM-Tokens']))['$ConnectionKey']","type":"Raw"}}}},"runAfter":{"Scope_-_Tube_Status_List":["Succeeded"]},"metadata":{"operationMetadataId":"415f70ba-2ceb-4111-81af-ddc6da798229"},"type":"Scope"}},"description":"This flow creates the Tube Status SharePoint list in the site of your choice. \n\nThis Flow uses Rest API to create the List, fields, views and apply the view formatting needed."},"connectionReferences":{"shared_sharepointonline":{"connectionName":"90271e77a5784affa7bbdd7cdc16f4ed","source":"Invoker","id":"/providers/Microsoft.PowerApps/apis/shared_sharepointonline","tier":"NotSpecified"}},"flowFailureAlertSubscribed":false,"isManaged":false}}