{"name":"2d8001c0-31f4-48e5-90ab-1804fa33bb43","id":"/providers/Microsoft.Flow/flows/2d8001c0-31f4-48e5-90ab-1804fa33bb43","type":"Microsoft.Flow/flows","properties":{"apiId":"/providers/Microsoft.PowerApps/apis/shared_logicflows","displayName":"Request sign-off - customized","definition":{"metadata":{"creator":{"id":"197f4bbc-803a-40c4-8cd4-571e785f38bc","type":"User","tenantId":"879ed2b1-7ef1-4748-80ec-a887e8acf892"},"provisioningMethod":"FromDefinition","failureAlertSubscription":true,"clientLastModifiedTime":"2018-09-20T05:55:18.5999946Z"},"$schema":"https://schema.management.azure.com/providers/Microsoft.Logic/schemas/2016-06-01/workflowdefinition.json#","contentVersion":"1.0.0.0","parameters":{"$connections":{"defaultValue":{},"type":"Object"},"$authentication":{"defaultValue":{},"type":"SecureObject"},"sharepoint.site":{"defaultValue":"","type":"String"},"sharepoint.list":{"defaultValue":"","type":"String"},"sharepoint.columnName":{"defaultValue":"","type":"String"},"sharepoint.approveString":{"defaultValue":"","type":"String"},"sharepoint.rejectString":{"defaultValue":"","type":"String"},"sharepoint.cancelString":{"defaultValue":"","type":"String"}},"triggers":{"manual":{"splitOn":"@triggerBody()['rows']","type":"Request","kind":"ApiConnection","inputs":{"schema":{"type":"object","properties":{"rows":{"type":"array","items":{"type":"object","properties":{"email_1":{"type":"string","x-ms-dynamically-added":true,"description":"Choose who will approve this item","x-ms-content-hint":"EMAIL","title":"Approver","format":"email"},"text_1":{"type":"string","x-ms-dynamically-added":true,"description":"Add a note","x-ms-content-hint":"TEXT","title":"Message"},"entity":{"type":"object","required":["entity.ID"],"properties":{"ID":{"type":"integer","isEntityParameter":true}}}},"required":["email_1","text_1"]}}}},"host":{"api":{"runtimeUrl":"https://flow-apim-msmanaged-na-northcentralus-01.azure-apim.net/apim/sharepointonline"},"connection":{"name":"@parameters('$connections')['shared_sharepointonline']['connectionId']"}},"operationId":"GetOnNewItems","parameters":{"connectionId":"","dataset":"https://contosodemosk.sharepoint.com/vfs","table":"0cc41ef2-34d0-490c-9b00-f6189650cea7"}}}},"actions":{"Get_item":{"runAfter":{},"metadata":{"flowSystemMetadata":{"swaggerOperationId":"GetItem"}},"type":"ApiConnection","inputs":{"host":{"api":{"runtimeUrl":"https://flow-apim-msmanaged-na-northcentralus-01.azure-apim.net/apim/sharepointonline"},"connection":{"name":"@json(decodeBase64(triggerOutputs().headers['X-MS-APIM-Tokens']))['$connections']['shared_sharepointonline']['connectionId']"}},"method":"get","path":"/datasets/@{encodeURIComponent(encodeURIComponent('https://contosodemosk.sharepoint.com/vfs'))}/tables/@{encodeURIComponent(encodeURIComponent('0cc41ef2-34d0-490c-9b00-f6189650cea7'))}/items/@{encodeURIComponent(triggerBody()?['entity']?['ID'])}","authentication":{"type":"Raw","value":"@json(decodeBase64(triggerOutputs().headers['X-MS-APIM-Tokens']))['$ConnectionKey']"},"retryPolicy":{"type":"fixed","count":13,"interval":"PT1M"}}},"Start_an_approval":{"runAfter":{"Update_item":["Succeeded"]},"metadata":{"flowSystemMetadata":{"swaggerOperationId":"approvalSubscribeV2"}},"type":"ApiConnectionWebhook","inputs":{"host":{"api":{"runtimeUrl":"https://flow-apim-msmanaged-na-eastus2-01.azure-apim.net/apim/approvals"},"connection":{"name":"@json(decodeBase64(triggerOutputs().headers['X-MS-APIM-Tokens']))['$connections']['shared_approvals']['connectionId']"}},"body":{"notificationUrl":"@listCallbackUrl()","title":"Please approve @{body('Get_item')?['{Name}']}","assignedTo":"@{triggerBody()['email_1']};","details":"@triggerBody()['text_1']","itemLink":"@body('Get_item')?['{Link}']","itemLinkDescription":"@{body('Get_item')?['{Name}']}"},"path":"/types/basic/$subscriptions","authentication":{"type":"Raw","value":"@json(decodeBase64(triggerOutputs().headers['X-MS-APIM-Tokens']))['$ConnectionKey']"}}},"Condition":{"actions":{"Do_until_(Approved)":{"actions":{"Increment_number_of_retries_(Approved)":{"runAfter":{},"type":"IncrementVariable","inputs":{"name":"retries","value":1}},"Scope_for_update_action_(Approved)":{"actions":{"Update_Succeeded_=_True_(Approved)":{"runAfter":{"Update_item_-_Approved":["Succeeded"]},"type":"SetVariable","inputs":{"name":"updateSucceeded","value":true}},"Send_me_an_email_notification_-_approved":{"runAfter":{"Update_Succeeded_=_True_(Approved)":["Succeeded"]},"metadata":{"flowSystemMetadata":{"swaggerOperationId":"SendEmailNotification"}},"type":"ApiConnection","inputs":{"host":{"api":{"runtimeUrl":"https://flow-apim-msmanaged-na-northcentralus-01.azure-apim.net/apim/flowpush"},"connection":{"name":"@json(decodeBase64(triggerOutputs().headers['X-MS-APIM-Tokens']))['$connections']['shared_flowpush']['connectionId']"}},"method":"post","body":{"notificationSubject":"Approved: @{body('Get_item')?['{Name}']}","notificationBody":"<!DOCTYPE html PUBLIC \"-//W3C//DTD XHTML 1.0 Transitional//EN\" \"http://www.w3.org/TR/xhtml1/DTD/xhtml1-transitional.dtd\">\n                    <html xmlns=\"http://www.w3.org/1999/xhtml\">\n                    <head>\n                        <meta http-equiv=\"Content-Type\" content=\"text/html; charset=UTF-8\">\n                        <meta name=\"viewport\" content=\"width=device-width, initial-scale=1\">\n                        <style type=\"text/css\">\n                            /*\n                                Your use of the content in the files referenced here are subject to the terms of the license at http://aka.ms/fabric-font-license\n                            */\n                            @font-face {\n                                font-family: 'FabricMDL2Icons';\n                                src: url('https://appsforoffice.microsoft.com/fabric/fonts/icons/FabricMDL2Icons.woff') format('woff'), url('https://appsforoffice.microsoft.com/fabric/fonts/icons/FabricMDL2Icons.ttf') format('truetype');\n                                font-weight: normal;\n                                font-style: normal;\n                            }\n\n                            @font-face {\n                                font-family: \"Segoe UI\";\n                                src: local(\"Segoe UI Light\"), url(\"https://appsforoffice.microsoft.com/fabric/fonts/SegoeUI-WestEuropean/SegoeUI-Light.woff2\") format(\"woff2\"), url(\"https://appsforoffice.microsoft.com/fabric/fonts/SegoeUI-WestEuropean/SegoeUI-Light.woff\") format(\"woff\"), url(\"https://appsforoffice.microsoft.com/fabric/fonts/SegoeUI-WestEuropean/SegoeUI-Light.ttf\") format(\"truetype\");\n                                font-weight: 100;\n                                font-style: normal; \n                            }\n\n                            @font-face {\n                                font-family: \"Segoe UI\";\n                                src: local(\"Segoe UI\"), url(\"https://appsforoffice.microsoft.com/fabric/fonts/SegoeUI-WestEuropean/SegoeUI-Regular.woff2\") format(\"woff2\"), url(\"https://appsforoffice.microsoft.com/fabric/fonts/SegoeUI-WestEuropean/SegoeUI-Regular.woff\") format(\"woff\"), url(\"https://appsforoffice.microsoft.com/fabric/fonts/SegoeUI-WestEuropean/SegoeUI-Regular.ttf\") format(\"truetype\");\n                                font-weight: 400;\n                                font-style: normal; \n                            }\n\n                            @font-face {\n                                font-family: \"Segoe UI\";\n                                src: local(\"Segoe UI Semibold\"), url(\"https://appsforoffice.microsoft.com/fabric/fonts/SegoeUI-WestEuropean/SegoeUI-Semibold.woff2\") format(\"woff2\"), url(\"https://appsforoffice.microsoft.com/fabric/fonts/SegoeUI-WestEuropean/SegoeUI-Semibold.woff\") format(\"woff\"), url(\"https://appsforoffice.microsoft.com/fabric/fonts/SegoeUI-WestEuropean/SegoeUI-Semibold.ttf\") format(\"truetype\");\n                                font-weight: 600;\n                                font-style: normal; \n                            }\n\n                            @font-face {\n                                font-family: \"Segoe UI WestEuropean\";\n                                src: local(\"Segoe UI Semilight\"), url(\"https://appsforoffice.microsoft.com/fabric/fonts/SegoeUI-WestEuropean/SegoeUI-Semilight.woff2\") format(\"woff2\"), url(\"https://appsforoffice.microsoft.com/fabric/fonts/SegoeUI-WestEuropean/SegoeUI-Semilight.woff\") format(\"woff\"), url(\"https://appsforoffice.microsoft.com/fabric/fonts/SegoeUI-WestEuropean/SegoeUI-Semilight.ttf\") format(\"truetype\");\n                                font-weight: 200;\n                                font-style: normal; \n                            }\n\n                            <!--[if gte mso 9 ]>\n                                body { mso-line-height-rule: exactly;}\n                                table {mso-table-lspace:0pt;mso-table-rspace:0pt;}\n                                tr { mso-line-height-rule:exactly;}\n                                td { mso-line-height-rule:exactly;}\n                            <!--<![endif]-->\n\n                            <!--[if gte mso 15 ]>\n                                body {line-height:0;mso-line-height-rule:exactly;}\n                                table {mso-table-lspace:0pt;mso-table-rspace:0pt;}\n                                tr { mso-line-height-alt:0px;mso-margin-top-alt:0px;mso-line-height-rule:exactly;}\n                                td { mso-line-height-rule:exactly;}\n                            <!--<![endif]-->\n\n                            /* Undo Apple autoformatting */\n                            .u-unlink--neutralSecondaryAlt a {\n                                color: #767676!important;\n                                text-decoration: none!important;\n                            }\n\n                            @media only screen and (max-width: 660px) {\n                                /* Mobile only styles, using important to overpower the inlined styles */\n                                .OuterTable,\n                                .OuterContainer {\n                                    width: 100%!important;\n                                }\n\n                                .HeaderCell {\n                                    background: #ffffff!important;\n                                }\n\n                                .GreetingParagraph {\n                                    font-size: 21px!important;\n                                    line-height: 28px!important;\n                                }\n                            }\n                        </style>\n                        \n                    </head>\n                    <body style=\"-webkit-text-size-adjust: 100%; -ms-text-size-adjust: 100%; margin: 0; padding: 0; background-color: #f2f2f2\">\n                    <!--[if mso]>\n                        <center>\n                        <table><tr><td width=\"640\">\n                    <![endif]-->\n\n                    <div class=\"OuterContainer\" width=\"640\" style=\"padding: 0; margin: 0 auto; width: 640px; background-color: #f2f2f2;\">\n                        <table class=\"OuterTable\" border=\"0\" cellpadding=\"0\" cellspacing=\"0\" style=\"font-family: 'Segoe UI', -apple-system, BlinkMacSystemFont, 'Roboto', 'Helvetica Neue', sans-serif; border: 0; width: 640px; padding: 0; margin: 0 auto;\">\n                            <!-- The following line is not used when testing with gulp build. -->\n                    <!-- It is only used inlining css into cshtml templates when running gulp export-components -->\n\n\n                    <tr style=\"font-family: 'Segoe UI', -apple-system, BlinkMacSystemFont, 'Roboto', 'Helvetica Neue', sans-serif;\">\n                        <td class=\"HeaderCell\" style=\"font-family: 'Segoe UI', -apple-system, BlinkMacSystemFont, 'Roboto', 'Helvetica Neue', sans-serif; padding: 15px 20px;\">\n                            <img width=\"90\" height=\"17\" src=\"https://odsp-ext.azurewebsites.net/mention-email/sharepoint-logo.png\">\n                        </td>\n                    </tr>\n\n                            <!-- The following import is not used when testing with gulp build. -->\n                    <!-- It is only used inlining css into cshtml templates when running gulp export-components -->\n\n\n                    <tr style=\"font-family: 'Segoe UI', -apple-system, BlinkMacSystemFont, 'Roboto', 'Helvetica Neue', sans-serif;\">\n                        <td class=\"ContentCell\" style=\"font-family: 'Segoe UI', -apple-system, BlinkMacSystemFont, 'Roboto', 'Helvetica Neue', sans-serif;\">\n                            <table class=\"ContentTable\" bgcolor=\"#FFFFFF\" align=\"center\" border=\"0\" cellpadding=\"0\" cellspacing=\"0\" width=\"100%\" style=\"font-family: 'Segoe UI', -apple-system, BlinkMacSystemFont, 'Roboto', 'Helvetica Neue', sans-serif; border: 1px solid #dedede; width: 100%; padding: 0;\">\n\n                                <!-- greeting row -->\n                                <tr style=\"font-family: 'Segoe UI', -apple-system, BlinkMacSystemFont, 'Roboto', 'Helvetica Neue', sans-serif;\">\n                                    <td class=\"InnerHeaderCell\" style=\"font-family: 'Segoe UI', -apple-system, BlinkMacSystemFont, 'Roboto', 'Helvetica Neue', sans-serif; padding: 36px 80px; text-align: center;\">\n                                        <img class=\"GreetingImage\" width=\"34\" height=\"34\" src=\"https://odsp-ext.azurewebsites.net/mention-email/approved-icon-2x.png\">\n                                        <p class=\"GreetingParagraph\" style=\"font-family: 'Segoe UI', -apple-system, BlinkMacSystemFont, 'Roboto', 'Helvetica Neue', sans-serif; padding: 0; margin: 0; margin-top: 20px; font-size: 24px; font-weight: 600; text-align: center; color: #222222; line-height: 32px;\">@{body('Start_an_approval')?['responder']?['displayName']} signed off on your item.</p>\n                                        <p class=\"CommentParagraph\" style=\"font-family: 'Segoe UI', -apple-system, BlinkMacSystemFont, 'Roboto', 'Helvetica Neue', sans-serif; padding: 0; margin: 0; margin-top: 20px; font-size: 16px; text-align: center; color: #797979;\">@{body('Start_an_approval')?['comments']}</p>\n                                    </td>\n                                </tr>\n\n                                <!-- content row -->\n                                <tr style=\"font-family: 'Segoe UI', -apple-system, BlinkMacSystemFont, 'Roboto', 'Helvetica Neue', sans-serif;\">\n                                    <td class=\"InnerContentCell\" style=\"font-family: 'Segoe UI', -apple-system, BlinkMacSystemFont, 'Roboto', 'Helvetica Neue', sans-serif; padding: 30px; background-color: #F8F8F8; border-top: 1px solid #DEDEDE;\">\n                                        <table class=\"DocumentTable\" align=\"center\" border=\"0\" cellpadding=\"0\" cellspacing=\"0\" width=\"100%\" style=\"border: 0; font-family: 'Segoe UI', -apple-system, BlinkMacSystemFont, 'Roboto', 'Helvetica Neue', sans-serif;\">\n                                            <tr style=\"font-family: 'Segoe UI', -apple-system, BlinkMacSystemFont, 'Roboto', 'Helvetica Neue', sans-serif;\">\n                                                <td class=\"LabelCell\" style=\"font-family: 'Segoe UI', -apple-system, BlinkMacSystemFont, 'Roboto', 'Helvetica Neue', sans-serif; text-align: center; font-size: 16px; color: #8D8D8D;\">\n                                                    <p style=\"padding: 0; margin: 0; font-family: 'Segoe UI', -apple-system, BlinkMacSystemFont, 'Roboto', 'Helvetica Neue', sans-serif;\">View Item:</p>\n                                                </td>\n                                            </tr>\n                                            <tr style=\"font-family: 'Segoe UI', -apple-system, BlinkMacSystemFont, 'Roboto', 'Helvetica Neue', sans-serif;\">\n                                                <td class=\"DocumentTitleCell\" valign=\"middle\" height=\"32\" style=\"font-family: 'Segoe UI', -apple-system, BlinkMacSystemFont, 'Roboto', 'Helvetica Neue', sans-serif; text-align: center; padding: 12px 0 32px; height: 32px; font-size: 0; vertical-align: middle;\">\n                                                    <table class=\"DocumentTitleTable\" align=\"center\" border=\"0\" cellpadding=\"0\" cellspacing=\"0\" style=\"border: 0; font-family: 'Segoe UI', -apple-system, BlinkMacSystemFont, 'Roboto', 'Helvetica Neue', sans-serif;\">\n                                                        <tr style=\"font-family: 'Segoe UI', -apple-system, BlinkMacSystemFont, 'Roboto', 'Helvetica Neue', sans-serif;\">\n                                                            <td style=\"font-family: 'Segoe UI', -apple-system, BlinkMacSystemFont, 'Roboto', 'Helvetica Neue', sans-serif;\">\n                                                                <span class=\"DocumentTitle\" style=\"font-family: 'Segoe UI', -apple-system, BlinkMacSystemFont, 'Roboto', 'Helvetica Neue', sans-serif; vertical-align: middle; line-height: 32px; font-size: 17px; color: #0078D7;\"><a href=\"@{body('Get_item')?['{Link}']}\">@{body('Get_item')?['{Name}']}</a></span>\n                                                            </td>\n                                                        </tr>\n                                                    </table>\n                                                </td>\n                                            </tr>\n                                        </table>\n                                    </td>\n                                </tr>\n                            </table>\n                        </td>\n                    </tr>\n                        </table>\n                    </div>\n\n                    <!--[if mso]>\n                    </td></tr></table>\n                    </center>\n                    <![endif]--> \n                    </body>\n                    </html>"},"path":"/sendEmailNotification","authentication":{"type":"Raw","value":"@json(decodeBase64(triggerOutputs().headers['X-MS-APIM-Tokens']))['$ConnectionKey']"}}},"Update_item_-_Approved":{"runAfter":{},"metadata":{"flowSystemMetadata":{"swaggerOperationId":"PatchItem"}},"type":"ApiConnection","inputs":{"host":{"api":{"runtimeUrl":"https://flow-apim-msmanaged-na-northcentralus-01.azure-apim.net/apim/sharepointonline"},"connection":{"name":"@json(decodeBase64(triggerOutputs().headers['X-MS-APIM-Tokens']))['$connections']['shared_sharepointonline']['connectionId']"}},"method":"patch","body":{"SignOffStatus":"Approved"},"path":"/datasets/@{encodeURIComponent(encodeURIComponent('https://contosodemosk.sharepoint.com/vfs'))}/tables/@{encodeURIComponent(encodeURIComponent('0cc41ef2-34d0-490c-9b00-f6189650cea7'))}/items/@{encodeURIComponent(triggerBody()?['entity']?['ID'])}","authentication":{"type":"Raw","value":"@json(decodeBase64(triggerOutputs().headers['X-MS-APIM-Tokens']))['$ConnectionKey']"}}}},"runAfter":{"Increment_number_of_retries_(Approved)":["Succeeded"]},"type":"Scope"},"Sleep_before_trying_to_update_item_again_-_Approved":{"runAfter":{"Scope_for_update_action_(Approved)":["Failed","TimedOut"]},"type":"Wait","inputs":{"interval":{"count":"@mul(variables('retries'),variables('retries'))","unit":"Minute"}}}},"runAfter":{},"expression":"@and(lessOrEquals(variables('retries'), 13),equals(variables('updateSucceeded'), true))","limit":{"count":60,"timeout":"P5D"},"type":"Until"},"Did_we_fail_while_updating_item_(Approved)":{"actions":{"Send_me_an_email_notification":{"runAfter":{},"metadata":{"flowSystemMetadata":{"swaggerOperationId":"SendEmailNotification"}},"type":"ApiConnection","inputs":{"host":{"api":{"runtimeUrl":"https://flow-apim-msmanaged-na-northcentralus-01.azure-apim.net/apim/flowpush"},"connection":{"name":"@json(decodeBase64(triggerOutputs().headers['X-MS-APIM-Tokens']))['$connections']['shared_flowpush']['connectionId']"}},"method":"post","body":{"notificationSubject":"Approved: @{body('Get_item')?['{Name}']}","notificationBody":"<!DOCTYPE html PUBLIC \"-//W3C//DTD XHTML 1.0 Transitional//EN\" \"http://www.w3.org/TR/xhtml1/DTD/xhtml1-transitional.dtd\">\n                    <html xmlns=\"http://www.w3.org/1999/xhtml\">\n                    <head>\n                        <meta http-equiv=\"Content-Type\" content=\"text/html; charset=UTF-8\">\n                        <meta name=\"viewport\" content=\"width=device-width, initial-scale=1\">\n                        <style type=\"text/css\">\n                            /*\n                                Your use of the content in the files referenced here are subject to the terms of the license at http://aka.ms/fabric-font-license\n                            */\n                            @font-face {\n                                font-family: 'FabricMDL2Icons';\n                                src: url('https://appsforoffice.microsoft.com/fabric/fonts/icons/FabricMDL2Icons.woff') format('woff'), url('https://appsforoffice.microsoft.com/fabric/fonts/icons/FabricMDL2Icons.ttf') format('truetype');\n                                font-weight: normal;\n                                font-style: normal;\n                            }\n\n                            @font-face {\n                                font-family: \"Segoe UI\";\n                                src: local(\"Segoe UI Light\"), url(\"https://appsforoffice.microsoft.com/fabric/fonts/SegoeUI-WestEuropean/SegoeUI-Light.woff2\") format(\"woff2\"), url(\"https://appsforoffice.microsoft.com/fabric/fonts/SegoeUI-WestEuropean/SegoeUI-Light.woff\") format(\"woff\"), url(\"https://appsforoffice.microsoft.com/fabric/fonts/SegoeUI-WestEuropean/SegoeUI-Light.ttf\") format(\"truetype\");\n                                font-weight: 100;\n                                font-style: normal; \n                            }\n\n                            @font-face {\n                                font-family: \"Segoe UI\";\n                                src: local(\"Segoe UI\"), url(\"https://appsforoffice.microsoft.com/fabric/fonts/SegoeUI-WestEuropean/SegoeUI-Regular.woff2\") format(\"woff2\"), url(\"https://appsforoffice.microsoft.com/fabric/fonts/SegoeUI-WestEuropean/SegoeUI-Regular.woff\") format(\"woff\"), url(\"https://appsforoffice.microsoft.com/fabric/fonts/SegoeUI-WestEuropean/SegoeUI-Regular.ttf\") format(\"truetype\");\n                                font-weight: 400;\n                                font-style: normal; \n                            }\n\n                            @font-face {\n                                font-family: \"Segoe UI\";\n                                src: local(\"Segoe UI Semibold\"), url(\"https://appsforoffice.microsoft.com/fabric/fonts/SegoeUI-WestEuropean/SegoeUI-Semibold.woff2\") format(\"woff2\"), url(\"https://appsforoffice.microsoft.com/fabric/fonts/SegoeUI-WestEuropean/SegoeUI-Semibold.woff\") format(\"woff\"), url(\"https://appsforoffice.microsoft.com/fabric/fonts/SegoeUI-WestEuropean/SegoeUI-Semibold.ttf\") format(\"truetype\");\n                                font-weight: 600;\n                                font-style: normal; \n                            }\n\n                            @font-face {\n                                font-family: \"Segoe UI WestEuropean\";\n                                src: local(\"Segoe UI Semilight\"), url(\"https://appsforoffice.microsoft.com/fabric/fonts/SegoeUI-WestEuropean/SegoeUI-Semilight.woff2\") format(\"woff2\"), url(\"https://appsforoffice.microsoft.com/fabric/fonts/SegoeUI-WestEuropean/SegoeUI-Semilight.woff\") format(\"woff\"), url(\"https://appsforoffice.microsoft.com/fabric/fonts/SegoeUI-WestEuropean/SegoeUI-Semilight.ttf\") format(\"truetype\");\n                                font-weight: 200;\n                                font-style: normal; \n                            }\n\n                            <!--[if gte mso 9 ]>\n                                body { mso-line-height-rule: exactly;}\n                                table {mso-table-lspace:0pt;mso-table-rspace:0pt;}\n                                tr { mso-line-height-rule:exactly;}\n                                td { mso-line-height-rule:exactly;}\n                            <!--<![endif]-->\n\n                            <!--[if gte mso 15 ]>\n                                body {line-height:0;mso-line-height-rule:exactly;}\n                                table {mso-table-lspace:0pt;mso-table-rspace:0pt;}\n                                tr { mso-line-height-alt:0px;mso-margin-top-alt:0px;mso-line-height-rule:exactly;}\n                                td { mso-line-height-rule:exactly;}\n                            <!--<![endif]-->\n\n                            /* Undo Apple autoformatting */\n                            .u-unlink--neutralSecondaryAlt a {\n                                color: #767676!important;\n                                text-decoration: none!important;\n                            }\n\n                            @media only screen and (max-width: 660px) {\n                                /* Mobile only styles, using important to overpower the inlined styles */\n                                .OuterTable,\n                                .OuterContainer {\n                                    width: 100%!important;\n                                }\n\n                                .HeaderCell {\n                                    background: #ffffff!important;\n                                }\n\n                                .GreetingParagraph {\n                                    font-size: 21px!important;\n                                    line-height: 28px!important;\n                                }\n                            }\n                        </style>\n                        \n                    </head>\n                    <body style=\"-webkit-text-size-adjust: 100%; -ms-text-size-adjust: 100%; margin: 0; padding: 0; background-color: #f2f2f2\">\n                    <!--[if mso]>\n                        <center>\n                        <table><tr><td width=\"640\">\n                    <![endif]-->\n\n                    <div class=\"OuterContainer\" width=\"640\" style=\"padding: 0; margin: 0 auto; width: 640px; background-color: #f2f2f2;\">\n                        <table class=\"OuterTable\" border=\"0\" cellpadding=\"0\" cellspacing=\"0\" style=\"font-family: 'Segoe UI', -apple-system, BlinkMacSystemFont, 'Roboto', 'Helvetica Neue', sans-serif; border: 0; width: 640px; padding: 0; margin: 0 auto;\">\n                            <!-- The following line is not used when testing with gulp build. -->\n                    <!-- It is only used inlining css into cshtml templates when running gulp export-components -->\n\n\n                    <tr style=\"font-family: 'Segoe UI', -apple-system, BlinkMacSystemFont, 'Roboto', 'Helvetica Neue', sans-serif;\">\n                        <td class=\"HeaderCell\" style=\"font-family: 'Segoe UI', -apple-system, BlinkMacSystemFont, 'Roboto', 'Helvetica Neue', sans-serif; padding: 15px 20px;\">\n                            <img width=\"90\" height=\"17\" src=\"https://odsp-ext.azurewebsites.net/mention-email/sharepoint-logo.png\">\n                        </td>\n                    </tr>\n\n                            <!-- The following import is not used when testing with gulp build. -->\n                    <!-- It is only used inlining css into cshtml templates when running gulp export-components -->\n\n\n                    <tr style=\"font-family: 'Segoe UI', -apple-system, BlinkMacSystemFont, 'Roboto', 'Helvetica Neue', sans-serif;\">\n                        <td class=\"ContentCell\" style=\"font-family: 'Segoe UI', -apple-system, BlinkMacSystemFont, 'Roboto', 'Helvetica Neue', sans-serif;\">\n                            <table class=\"ContentTable\" bgcolor=\"#FFFFFF\" align=\"center\" border=\"0\" cellpadding=\"0\" cellspacing=\"0\" width=\"100%\" style=\"font-family: 'Segoe UI', -apple-system, BlinkMacSystemFont, 'Roboto', 'Helvetica Neue', sans-serif; border: 1px solid #dedede; width: 100%; padding: 0;\">\n\n                                <!-- greeting row -->\n                                <tr style=\"font-family: 'Segoe UI', -apple-system, BlinkMacSystemFont, 'Roboto', 'Helvetica Neue', sans-serif;\">\n                                    <td class=\"InnerHeaderCell\" style=\"font-family: 'Segoe UI', -apple-system, BlinkMacSystemFont, 'Roboto', 'Helvetica Neue', sans-serif; padding: 36px 80px; text-align: center;\">\n                                        <img class=\"GreetingImage\" width=\"34\" height=\"34\" src=\"https://odsp-ext.azurewebsites.net/mention-email/approved-icon-2x.png\">\n                                        <p class=\"GreetingParagraph\" style=\"font-family: 'Segoe UI', -apple-system, BlinkMacSystemFont, 'Roboto', 'Helvetica Neue', sans-serif; padding: 0; margin: 0; margin-top: 20px; font-size: 24px; font-weight: 600; text-align: center; color: #222222; line-height: 32px;\">@{body('Start_an_approval')?['responder']?['displayName']} signed off on your item. Note that we were not able to update the column in SharePoint because the file was locked by a user. </p>\n                                        <p class=\"CommentParagraph\" style=\"font-family: 'Segoe UI', -apple-system, BlinkMacSystemFont, 'Roboto', 'Helvetica Neue', sans-serif; padding: 0; margin: 0; margin-top: 20px; font-size: 16px; text-align: center; color: #797979;\">@{body('Start_an_approval')?['comments']}</p>\n                                    </td>\n                                </tr>\n\n                                <!-- content row -->\n                                <tr style=\"font-family: 'Segoe UI', -apple-system, BlinkMacSystemFont, 'Roboto', 'Helvetica Neue', sans-serif;\">\n                                    <td class=\"InnerContentCell\" style=\"font-family: 'Segoe UI', -apple-system, BlinkMacSystemFont, 'Roboto', 'Helvetica Neue', sans-serif; padding: 30px; background-color: #F8F8F8; border-top: 1px solid #DEDEDE;\">\n                                        <table class=\"DocumentTable\" align=\"center\" border=\"0\" cellpadding=\"0\" cellspacing=\"0\" width=\"100%\" style=\"border: 0; font-family: 'Segoe UI', -apple-system, BlinkMacSystemFont, 'Roboto', 'Helvetica Neue', sans-serif;\">\n                                            <tr style=\"font-family: 'Segoe UI', -apple-system, BlinkMacSystemFont, 'Roboto', 'Helvetica Neue', sans-serif;\">\n                                                <td class=\"LabelCell\" style=\"font-family: 'Segoe UI', -apple-system, BlinkMacSystemFont, 'Roboto', 'Helvetica Neue', sans-serif; text-align: center; font-size: 16px; color: #8D8D8D;\">\n                                                    <p style=\"padding: 0; margin: 0; font-family: 'Segoe UI', -apple-system, BlinkMacSystemFont, 'Roboto', 'Helvetica Neue', sans-serif;\">View Item:</p>\n                                                </td>\n                                            </tr>\n                                            <tr style=\"font-family: 'Segoe UI', -apple-system, BlinkMacSystemFont, 'Roboto', 'Helvetica Neue', sans-serif;\">\n                                                <td class=\"DocumentTitleCell\" valign=\"middle\" height=\"32\" style=\"font-family: 'Segoe UI', -apple-system, BlinkMacSystemFont, 'Roboto', 'Helvetica Neue', sans-serif; text-align: center; padding: 12px 0 32px; height: 32px; font-size: 0; vertical-align: middle;\">\n                                                    <table class=\"DocumentTitleTable\" align=\"center\" border=\"0\" cellpadding=\"0\" cellspacing=\"0\" style=\"border: 0; font-family: 'Segoe UI', -apple-system, BlinkMacSystemFont, 'Roboto', 'Helvetica Neue', sans-serif;\">\n                                                        <tr style=\"font-family: 'Segoe UI', -apple-system, BlinkMacSystemFont, 'Roboto', 'Helvetica Neue', sans-serif;\">\n                                                            <td style=\"font-family: 'Segoe UI', -apple-system, BlinkMacSystemFont, 'Roboto', 'Helvetica Neue', sans-serif;\">\n                                                                <span class=\"DocumentTitle\" style=\"font-family: 'Segoe UI', -apple-system, BlinkMacSystemFont, 'Roboto', 'Helvetica Neue', sans-serif; vertical-align: middle; line-height: 32px; font-size: 17px; color: #0078D7;\"><a href=\"@{body('Get_item')?['{Link}']}\">@{body('Get_item')?['{Name}']}</a></span>\n                                                            </td>\n                                                        </tr>\n                                                    </table>\n                                                </td>\n                                            </tr>\n                                        </table>\n                                    </td>\n                                </tr>\n                            </table>\n                        </td>\n                    </tr>\n                        </table>\n                    </div>\n\n                    <!--[if mso]>\n                    </td></tr></table>\n                    </center>\n                    <![endif]--> \n                    </body>\n                    </html>"},"path":"/sendEmailNotification","authentication":{"type":"Raw","value":"@json(decodeBase64(triggerOutputs().headers['X-MS-APIM-Tokens']))['$ConnectionKey']"}}}},"runAfter":{"Do_until_(Approved)":["Succeeded"]},"expression":"@equals(variables('updateSucceeded'), false)","type":"If"}},"runAfter":{"Initialize_variable_2":["Succeeded"]},"else":{"actions":{"Do_until_(Rejected)":{"actions":{"Increment_number_of_retries_(Rejected)":{"runAfter":{},"type":"IncrementVariable","inputs":{"name":"retries","value":1}},"Scope_for_update_action_(Rejected)":{"actions":{"Update_Succeeded_=_True_(Rejected)":{"runAfter":{"Update_item_-_Rejected":["Succeeded"]},"type":"SetVariable","inputs":{"name":"updateSucceeded","value":true}},"Send_me_an_email_notification_-_rejected":{"runAfter":{"Update_Succeeded_=_True_(Rejected)":["Succeeded"]},"metadata":{"flowSystemMetadata":{"swaggerOperationId":"SendEmailNotification"}},"type":"ApiConnection","inputs":{"host":{"api":{"runtimeUrl":"https://flow-apim-msmanaged-na-northcentralus-01.azure-apim.net/apim/flowpush"},"connection":{"name":"@json(decodeBase64(triggerOutputs().headers['X-MS-APIM-Tokens']))['$connections']['shared_flowpush']['connectionId']"}},"method":"post","body":{"notificationSubject":"Not approved: @{body('Get_item')?['{Name}']}","notificationBody":"<!DOCTYPE html PUBLIC \"-//W3C//DTD XHTML 1.0 Transitional//EN\" \"http://www.w3.org/TR/xhtml1/DTD/xhtml1-transitional.dtd\">\n                        <html xmlns=\"http://www.w3.org/1999/xhtml\">\n                        <head>\n                            <meta http-equiv=\"Content-Type\" content=\"text/html; charset=UTF-8\">\n                            <meta name=\"viewport\" content=\"width=device-width, initial-scale=1\">\n                            <style type=\"text/css\">\n                                /*\n                                    Your use of the content in the files referenced here are subject to the terms of the license at http://aka.ms/fabric-font-license\n                                */\n                                @font-face {\n                                    font-family: 'FabricMDL2Icons';\n                                    src: url('https://appsforoffice.microsoft.com/fabric/fonts/icons/FabricMDL2Icons.woff') format('woff'), url('https://appsforoffice.microsoft.com/fabric/fonts/icons/FabricMDL2Icons.ttf') format('truetype');\n                                    font-weight: normal;\n                                    font-style: normal;\n                                }\n\n                                @font-face {\n                                    font-family: \"Segoe UI\";\n                                    src: local(\"Segoe UI Light\"), url(\"https://appsforoffice.microsoft.com/fabric/fonts/SegoeUI-WestEuropean/SegoeUI-Light.woff2\") format(\"woff2\"), url(\"https://appsforoffice.microsoft.com/fabric/fonts/SegoeUI-WestEuropean/SegoeUI-Light.woff\") format(\"woff\"), url(\"https://appsforoffice.microsoft.com/fabric/fonts/SegoeUI-WestEuropean/SegoeUI-Light.ttf\") format(\"truetype\");\n                                    font-weight: 100;\n                                    font-style: normal; \n                                }\n\n                                @font-face {\n                                    font-family: \"Segoe UI\";\n                                    src: local(\"Segoe UI\"), url(\"https://appsforoffice.microsoft.com/fabric/fonts/SegoeUI-WestEuropean/SegoeUI-Regular.woff2\") format(\"woff2\"), url(\"https://appsforoffice.microsoft.com/fabric/fonts/SegoeUI-WestEuropean/SegoeUI-Regular.woff\") format(\"woff\"), url(\"https://appsforoffice.microsoft.com/fabric/fonts/SegoeUI-WestEuropean/SegoeUI-Regular.ttf\") format(\"truetype\");\n                                    font-weight: 400;\n                                    font-style: normal; \n                                }\n\n                                @font-face {\n                                    font-family: \"Segoe UI\";\n                                    src: local(\"Segoe UI Semibold\"), url(\"https://appsforoffice.microsoft.com/fabric/fonts/SegoeUI-WestEuropean/SegoeUI-Semibold.woff2\") format(\"woff2\"), url(\"https://appsforoffice.microsoft.com/fabric/fonts/SegoeUI-WestEuropean/SegoeUI-Semibold.woff\") format(\"woff\"), url(\"https://appsforoffice.microsoft.com/fabric/fonts/SegoeUI-WestEuropean/SegoeUI-Semibold.ttf\") format(\"truetype\");\n                                    font-weight: 600;\n                                    font-style: normal; \n                                }\n\n                                @font-face {\n                                    font-family: \"Segoe UI WestEuropean\";\n                                    src: local(\"Segoe UI Semilight\"), url(\"https://appsforoffice.microsoft.com/fabric/fonts/SegoeUI-WestEuropean/SegoeUI-Semilight.woff2\") format(\"woff2\"), url(\"https://appsforoffice.microsoft.com/fabric/fonts/SegoeUI-WestEuropean/SegoeUI-Semilight.woff\") format(\"woff\"), url(\"https://appsforoffice.microsoft.com/fabric/fonts/SegoeUI-WestEuropean/SegoeUI-Semilight.ttf\") format(\"truetype\");\n                                    font-weight: 200;\n                                    font-style: normal; \n                                }\n\n                                <!--[if gte mso 9 ]>\n                                    body { mso-line-height-rule: exactly;}\n                                    table {mso-table-lspace:0pt;mso-table-rspace:0pt;}\n                                    tr { mso-line-height-rule:exactly;}\n                                    td { mso-line-height-rule:exactly;}\n                                <!--<![endif]-->\n\n                                <!--[if gte mso 15 ]>\n                                    body {line-height:0;mso-line-height-rule:exactly;}\n                                    table {mso-table-lspace:0pt;mso-table-rspace:0pt;}\n                                    tr { mso-line-height-alt:0px;mso-margin-top-alt:0px;mso-line-height-rule:exactly;}\n                                    td { mso-line-height-rule:exactly;}\n                                <!--<![endif]-->\n\n                                /* Undo Apple autoformatting */\n                                .u-unlink--neutralSecondaryAlt a {\n                                    color: #767676!important;\n                                    text-decoration: none!important;\n                                }\n\n                                @media only screen and (max-width: 660px) {\n                                    /* Mobile only styles, using important to overpower the inlined styles */\n                                    .OuterTable,\n                                    .OuterContainer {\n                                        width: 100%!important;\n                                    }\n\n                                    .HeaderCell {\n                                        background: #ffffff!important;\n                                    }\n\n                                    .GreetingParagraph {\n                                        font-size: 21px!important;\n                                        line-height: 28px!important;\n                                    }\n                                }\n                            </style>\n                            \n                        </head>\n                        <body style=\"-webkit-text-size-adjust: 100%; -ms-text-size-adjust: 100%; margin: 0; padding: 0; background-color: #f2f2f2\">\n                        <!--[if mso]>\n                            <center>\n                            <table><tr><td width=\"640\">\n                        <![endif]-->\n\n                        <div class=\"OuterContainer\" width=\"640\" style=\"padding: 0; margin: 0 auto; width: 640px; background-color: #f2f2f2;\">\n                            <table class=\"OuterTable\" border=\"0\" cellpadding=\"0\" cellspacing=\"0\" style=\"font-family: 'Segoe UI', -apple-system, BlinkMacSystemFont, 'Roboto', 'Helvetica Neue', sans-serif; border: 0; width: 640px; padding: 0; margin: 0 auto;\">\n                                <!-- The following line is not used when testing with gulp build. -->\n                        <!-- It is only used inlining css into cshtml templates when running gulp export-components -->\n\n\n                        <tr style=\"font-family: 'Segoe UI', -apple-system, BlinkMacSystemFont, 'Roboto', 'Helvetica Neue', sans-serif;\">\n                            <td class=\"HeaderCell\" style=\"font-family: 'Segoe UI', -apple-system, BlinkMacSystemFont, 'Roboto', 'Helvetica Neue', sans-serif; padding: 15px 20px;\">\n                                <img width=\"90\" height=\"17\" src=\"https://odsp-ext.azurewebsites.net/mention-email/sharepoint-logo.png\">\n                            </td>\n                        </tr>\n\n                                <!-- The following import is not used when testing with gulp build. -->\n                        <!-- It is only used inlining css into cshtml templates when running gulp export-components -->\n\n\n                        <tr style=\"font-family: 'Segoe UI', -apple-system, BlinkMacSystemFont, 'Roboto', 'Helvetica Neue', sans-serif;\">\n                            <td class=\"ContentCell\" style=\"font-family: 'Segoe UI', -apple-system, BlinkMacSystemFont, 'Roboto', 'Helvetica Neue', sans-serif;\">\n                                <table class=\"ContentTable\" bgcolor=\"#FFFFFF\" align=\"center\" border=\"0\" cellpadding=\"0\" cellspacing=\"0\" width=\"100%\" style=\"font-family: 'Segoe UI', -apple-system, BlinkMacSystemFont, 'Roboto', 'Helvetica Neue', sans-serif; border: 1px solid #dedede; width: 100%; padding: 0;\">\n\n                                    <!-- greeting row -->\n                                    <tr style=\"font-family: 'Segoe UI', -apple-system, BlinkMacSystemFont, 'Roboto', 'Helvetica Neue', sans-serif;\">\n                                        <td class=\"InnerHeaderCell\" style=\"font-family: 'Segoe UI', -apple-system, BlinkMacSystemFont, 'Roboto', 'Helvetica Neue', sans-serif; padding: 36px 80px; text-align: center;\">\n                                            <img class=\"GreetingImage\" width=\"34\" height=\"34\" src=\"https://odsp-ext.azurewebsites.net/mention-email/rejected-icon-2x.png\">\n                                            <p class=\"GreetingParagraph\" style=\"font-family: 'Segoe UI', -apple-system, BlinkMacSystemFont, 'Roboto', 'Helvetica Neue', sans-serif; padding: 0; margin: 0; margin-top: 20px; font-size: 24px; font-weight: 600; text-align: center; color: #222222; line-height: 32px;\">@{body('Start_an_approval')?['responder']?['displayName']} did not approve your item.</p>\n                                            <p class=\"CommentParagraph\" style=\"font-family: 'Segoe UI', -apple-system, BlinkMacSystemFont, 'Roboto', 'Helvetica Neue', sans-serif; padding: 0; margin: 0; margin-top: 20px; font-size: 16px; text-align: center; color: #797979;\">@{body('Start_an_approval')?['comments']}</p>\n                                        </td>\n                                    </tr>\n\n                                    <!-- content row -->\n                                    <tr style=\"font-family: 'Segoe UI', -apple-system, BlinkMacSystemFont, 'Roboto', 'Helvetica Neue', sans-serif;\">\n                                        <td class=\"InnerContentCell\" style=\"font-family: 'Segoe UI', -apple-system, BlinkMacSystemFont, 'Roboto', 'Helvetica Neue', sans-serif; padding: 30px; background-color: #F8F8F8; border-top: 1px solid #DEDEDE;\">\n                                            <table class=\"DocumentTable\" align=\"center\" border=\"0\" cellpadding=\"0\" cellspacing=\"0\" width=\"100%\" style=\"border: 0; font-family: 'Segoe UI', -apple-system, BlinkMacSystemFont, 'Roboto', 'Helvetica Neue', sans-serif;\">\n                                                <tr style=\"font-family: 'Segoe UI', -apple-system, BlinkMacSystemFont, 'Roboto', 'Helvetica Neue', sans-serif;\">\n                                                    <td class=\"LabelCell\" style=\"font-family: 'Segoe UI', -apple-system, BlinkMacSystemFont, 'Roboto', 'Helvetica Neue', sans-serif; text-align: center; font-size: 16px; color: #8D8D8D;\">\n                                                        <p style=\"padding: 0; margin: 0; font-family: 'Segoe UI', -apple-system, BlinkMacSystemFont, 'Roboto', 'Helvetica Neue', sans-serif;\">View Item:</p>\n                                                    </td>\n                                                </tr>\n                                                <tr style=\"font-family: 'Segoe UI', -apple-system, BlinkMacSystemFont, 'Roboto', 'Helvetica Neue', sans-serif;\">\n                                                    <td class=\"DocumentTitleCell\" valign=\"middle\" height=\"32\" style=\"font-family: 'Segoe UI', -apple-system, BlinkMacSystemFont, 'Roboto', 'Helvetica Neue', sans-serif; text-align: center; padding: 12px 0 32px; height: 32px; font-size: 0; vertical-align: middle;\">\n                                                        <table class=\"DocumentTitleTable\" align=\"center\" border=\"0\" cellpadding=\"0\" cellspacing=\"0\" style=\"border: 0; font-family: 'Segoe UI', -apple-system, BlinkMacSystemFont, 'Roboto', 'Helvetica Neue', sans-serif;\">\n                                                            <tr style=\"font-family: 'Segoe UI', -apple-system, BlinkMacSystemFont, 'Roboto', 'Helvetica Neue', sans-serif;\">\n                                                                <td style=\"font-family: 'Segoe UI', -apple-system, BlinkMacSystemFont, 'Roboto', 'Helvetica Neue', sans-serif;\">\n                                                                    <span class=\"DocumentTitle\" style=\"font-family: 'Segoe UI', -apple-system, BlinkMacSystemFont, 'Roboto', 'Helvetica Neue', sans-serif; vertical-align: middle; line-height: 32px; font-size: 17px; color: #0078D7;\"><a href=\"@{body('Get_item')?['{Link}']}\">@{body('Get_item')?['{Name}']}</a></span>\n                                                                </td>\n                                                            </tr>\n                                                        </table>\n                                                    </td>\n                                                </tr>\n                                            </table>\n                                        </td>\n                                    </tr>\n                                </table>\n                            </td>\n                        </tr>\n                            </table>\n                        </div>\n\n                        <!--[if mso]>\n                        </td></tr></table>\n                        </center>\n                        <![endif]--> \n                        </body>\n                        </html>"},"path":"/sendEmailNotification","authentication":{"type":"Raw","value":"@json(decodeBase64(triggerOutputs().headers['X-MS-APIM-Tokens']))['$ConnectionKey']"}}},"Update_item_-_Rejected":{"runAfter":{},"metadata":{"flowSystemMetadata":{"swaggerOperationId":"PatchItem"}},"type":"ApiConnection","inputs":{"host":{"api":{"runtimeUrl":"https://flow-apim-msmanaged-na-northcentralus-01.azure-apim.net/apim/sharepointonline"},"connection":{"name":"@json(decodeBase64(triggerOutputs().headers['X-MS-APIM-Tokens']))['$connections']['shared_sharepointonline']['connectionId']"}},"method":"patch","body":{"SignOffStatus":"Rejected"},"path":"/datasets/@{encodeURIComponent(encodeURIComponent('https://contosodemosk.sharepoint.com/vfs'))}/tables/@{encodeURIComponent(encodeURIComponent('0cc41ef2-34d0-490c-9b00-f6189650cea7'))}/items/@{encodeURIComponent(triggerBody()?['entity']?['ID'])}","authentication":{"type":"Raw","value":"@json(decodeBase64(triggerOutputs().headers['X-MS-APIM-Tokens']))['$ConnectionKey']"}}}},"runAfter":{"Increment_number_of_retries_(Rejected)":["Succeeded"]},"type":"Scope"},"Sleep_before_trying_to_update_item_again_-_Rejected":{"runAfter":{"Scope_for_update_action_(Rejected)":["Failed","TimedOut"]},"type":"Wait","inputs":{"interval":{"count":"@mul(variables('retries'),variables('retries'))","unit":"Minute"}}}},"runAfter":{},"expression":"@and(lessOrEquals(variables('retries'), 13),equals(variables('updateSucceeded'), true))","limit":{"count":60,"timeout":"P5D"},"type":"Until"},"Did_we_fail_while_updating_item_(Rejected)":{"actions":{"Send_me_an_email_notification_2":{"runAfter":{},"metadata":{"flowSystemMetadata":{"swaggerOperationId":"SendEmailNotification"}},"type":"ApiConnection","inputs":{"host":{"api":{"runtimeUrl":"https://flow-apim-msmanaged-na-northcentralus-01.azure-apim.net/apim/flowpush"},"connection":{"name":"@json(decodeBase64(triggerOutputs().headers['X-MS-APIM-Tokens']))['$connections']['shared_flowpush']['connectionId']"}},"method":"post","body":{"notificationSubject":"Not approved: @{body('Get_item')?['{Name}']}","notificationBody":"<!DOCTYPE html PUBLIC \"-//W3C//DTD XHTML 1.0 Transitional//EN\" \"http://www.w3.org/TR/xhtml1/DTD/xhtml1-transitional.dtd\">\n                        <html xmlns=\"http://www.w3.org/1999/xhtml\">\n                        <head>\n                            <meta http-equiv=\"Content-Type\" content=\"text/html; charset=UTF-8\">\n                            <meta name=\"viewport\" content=\"width=device-width, initial-scale=1\">\n                            <style type=\"text/css\">\n                                /*\n                                    Your use of the content in the files referenced here are subject to the terms of the license at http://aka.ms/fabric-font-license\n                                */\n                                @font-face {\n                                    font-family: 'FabricMDL2Icons';\n                                    src: url('https://appsforoffice.microsoft.com/fabric/fonts/icons/FabricMDL2Icons.woff') format('woff'), url('https://appsforoffice.microsoft.com/fabric/fonts/icons/FabricMDL2Icons.ttf') format('truetype');\n                                    font-weight: normal;\n                                    font-style: normal;\n                                }\n\n                                @font-face {\n                                    font-family: \"Segoe UI\";\n                                    src: local(\"Segoe UI Light\"), url(\"https://appsforoffice.microsoft.com/fabric/fonts/SegoeUI-WestEuropean/SegoeUI-Light.woff2\") format(\"woff2\"), url(\"https://appsforoffice.microsoft.com/fabric/fonts/SegoeUI-WestEuropean/SegoeUI-Light.woff\") format(\"woff\"), url(\"https://appsforoffice.microsoft.com/fabric/fonts/SegoeUI-WestEuropean/SegoeUI-Light.ttf\") format(\"truetype\");\n                                    font-weight: 100;\n                                    font-style: normal; \n                                }\n\n                                @font-face {\n                                    font-family: \"Segoe UI\";\n                                    src: local(\"Segoe UI\"), url(\"https://appsforoffice.microsoft.com/fabric/fonts/SegoeUI-WestEuropean/SegoeUI-Regular.woff2\") format(\"woff2\"), url(\"https://appsforoffice.microsoft.com/fabric/fonts/SegoeUI-WestEuropean/SegoeUI-Regular.woff\") format(\"woff\"), url(\"https://appsforoffice.microsoft.com/fabric/fonts/SegoeUI-WestEuropean/SegoeUI-Regular.ttf\") format(\"truetype\");\n                                    font-weight: 400;\n                                    font-style: normal; \n                                }\n\n                                @font-face {\n                                    font-family: \"Segoe UI\";\n                                    src: local(\"Segoe UI Semibold\"), url(\"https://appsforoffice.microsoft.com/fabric/fonts/SegoeUI-WestEuropean/SegoeUI-Semibold.woff2\") format(\"woff2\"), url(\"https://appsforoffice.microsoft.com/fabric/fonts/SegoeUI-WestEuropean/SegoeUI-Semibold.woff\") format(\"woff\"), url(\"https://appsforoffice.microsoft.com/fabric/fonts/SegoeUI-WestEuropean/SegoeUI-Semibold.ttf\") format(\"truetype\");\n                                    font-weight: 600;\n                                    font-style: normal; \n                                }\n\n                                @font-face {\n                                    font-family: \"Segoe UI WestEuropean\";\n                                    src: local(\"Segoe UI Semilight\"), url(\"https://appsforoffice.microsoft.com/fabric/fonts/SegoeUI-WestEuropean/SegoeUI-Semilight.woff2\") format(\"woff2\"), url(\"https://appsforoffice.microsoft.com/fabric/fonts/SegoeUI-WestEuropean/SegoeUI-Semilight.woff\") format(\"woff\"), url(\"https://appsforoffice.microsoft.com/fabric/fonts/SegoeUI-WestEuropean/SegoeUI-Semilight.ttf\") format(\"truetype\");\n                                    font-weight: 200;\n                                    font-style: normal; \n                                }\n\n                                <!--[if gte mso 9 ]>\n                                    body { mso-line-height-rule: exactly;}\n                                    table {mso-table-lspace:0pt;mso-table-rspace:0pt;}\n                                    tr { mso-line-height-rule:exactly;}\n                                    td { mso-line-height-rule:exactly;}\n                                <!--<![endif]-->\n\n                                <!--[if gte mso 15 ]>\n                                    body {line-height:0;mso-line-height-rule:exactly;}\n                                    table {mso-table-lspace:0pt;mso-table-rspace:0pt;}\n                                    tr { mso-line-height-alt:0px;mso-margin-top-alt:0px;mso-line-height-rule:exactly;}\n                                    td { mso-line-height-rule:exactly;}\n                                <!--<![endif]-->\n\n                                /* Undo Apple autoformatting */\n                                .u-unlink--neutralSecondaryAlt a {\n                                    color: #767676!important;\n                                    text-decoration: none!important;\n                                }\n\n                                @media only screen and (max-width: 660px) {\n                                    /* Mobile only styles, using important to overpower the inlined styles */\n                                    .OuterTable,\n                                    .OuterContainer {\n                                        width: 100%!important;\n                                    }\n\n                                    .HeaderCell {\n                                        background: #ffffff!important;\n                                    }\n\n                                    .GreetingParagraph {\n                                        font-size: 21px!important;\n                                        line-height: 28px!important;\n                                    }\n                                }\n                            </style>\n                            \n                        </head>\n                        <body style=\"-webkit-text-size-adjust: 100%; -ms-text-size-adjust: 100%; margin: 0; padding: 0; background-color: #f2f2f2\">\n                        <!--[if mso]>\n                            <center>\n                            <table><tr><td width=\"640\">\n                        <![endif]-->\n\n                        <div class=\"OuterContainer\" width=\"640\" style=\"padding: 0; margin: 0 auto; width: 640px; background-color: #f2f2f2;\">\n                            <table class=\"OuterTable\" border=\"0\" cellpadding=\"0\" cellspacing=\"0\" style=\"font-family: 'Segoe UI', -apple-system, BlinkMacSystemFont, 'Roboto', 'Helvetica Neue', sans-serif; border: 0; width: 640px; padding: 0; margin: 0 auto;\">\n                                <!-- The following line is not used when testing with gulp build. -->\n                        <!-- It is only used inlining css into cshtml templates when running gulp export-components -->\n\n\n                        <tr style=\"font-family: 'Segoe UI', -apple-system, BlinkMacSystemFont, 'Roboto', 'Helvetica Neue', sans-serif;\">\n                            <td class=\"HeaderCell\" style=\"font-family: 'Segoe UI', -apple-system, BlinkMacSystemFont, 'Roboto', 'Helvetica Neue', sans-serif; padding: 15px 20px;\">\n                                <img width=\"90\" height=\"17\" src=\"https://odsp-ext.azurewebsites.net/mention-email/sharepoint-logo.png\">\n                            </td>\n                        </tr>\n\n                                <!-- The following import is not used when testing with gulp build. -->\n                        <!-- It is only used inlining css into cshtml templates when running gulp export-components -->\n\n\n                        <tr style=\"font-family: 'Segoe UI', -apple-system, BlinkMacSystemFont, 'Roboto', 'Helvetica Neue', sans-serif;\">\n                            <td class=\"ContentCell\" style=\"font-family: 'Segoe UI', -apple-system, BlinkMacSystemFont, 'Roboto', 'Helvetica Neue', sans-serif;\">\n                                <table class=\"ContentTable\" bgcolor=\"#FFFFFF\" align=\"center\" border=\"0\" cellpadding=\"0\" cellspacing=\"0\" width=\"100%\" style=\"font-family: 'Segoe UI', -apple-system, BlinkMacSystemFont, 'Roboto', 'Helvetica Neue', sans-serif; border: 1px solid #dedede; width: 100%; padding: 0;\">\n\n                                    <!-- greeting row -->\n                                    <tr style=\"font-family: 'Segoe UI', -apple-system, BlinkMacSystemFont, 'Roboto', 'Helvetica Neue', sans-serif;\">\n                                        <td class=\"InnerHeaderCell\" style=\"font-family: 'Segoe UI', -apple-system, BlinkMacSystemFont, 'Roboto', 'Helvetica Neue', sans-serif; padding: 36px 80px; text-align: center;\">\n                                            <img class=\"GreetingImage\" width=\"34\" height=\"34\" src=\"https://odsp-ext.azurewebsites.net/mention-email/rejected-icon-2x.png\">\n                                            <p class=\"GreetingParagraph\" style=\"font-family: 'Segoe UI', -apple-system, BlinkMacSystemFont, 'Roboto', 'Helvetica Neue', sans-serif; padding: 0; margin: 0; margin-top: 20px; font-size: 24px; font-weight: 600; text-align: center; color: #222222; line-height: 32px;\">@{body('Start_an_approval')?['responder']?['displayName']} did not approve your item. Note that we were not able to update the column in SharePoint because the file was locked by a user. </p>\n                                            <p class=\"CommentParagraph\" style=\"font-family: 'Segoe UI', -apple-system, BlinkMacSystemFont, 'Roboto', 'Helvetica Neue', sans-serif; padding: 0; margin: 0; margin-top: 20px; font-size: 16px; text-align: center; color: #797979;\">@{body('Start_an_approval')?['comments']}</p>\n                                        </td>\n                                    </tr>\n\n                                    <!-- content row -->\n                                    <tr style=\"font-family: 'Segoe UI', -apple-system, BlinkMacSystemFont, 'Roboto', 'Helvetica Neue', sans-serif;\">\n                                        <td class=\"InnerContentCell\" style=\"font-family: 'Segoe UI', -apple-system, BlinkMacSystemFont, 'Roboto', 'Helvetica Neue', sans-serif; padding: 30px; background-color: #F8F8F8; border-top: 1px solid #DEDEDE;\">\n                                            <table class=\"DocumentTable\" align=\"center\" border=\"0\" cellpadding=\"0\" cellspacing=\"0\" width=\"100%\" style=\"border: 0; font-family: 'Segoe UI', -apple-system, BlinkMacSystemFont, 'Roboto', 'Helvetica Neue', sans-serif;\">\n                                                <tr style=\"font-family: 'Segoe UI', -apple-system, BlinkMacSystemFont, 'Roboto', 'Helvetica Neue', sans-serif;\">\n                                                    <td class=\"LabelCell\" style=\"font-family: 'Segoe UI', -apple-system, BlinkMacSystemFont, 'Roboto', 'Helvetica Neue', sans-serif; text-align: center; font-size: 16px; color: #8D8D8D;\">\n                                                        <p style=\"padding: 0; margin: 0; font-family: 'Segoe UI', -apple-system, BlinkMacSystemFont, 'Roboto', 'Helvetica Neue', sans-serif;\">View Item:</p>\n                                                    </td>\n                                                </tr>\n                                                <tr style=\"font-family: 'Segoe UI', -apple-system, BlinkMacSystemFont, 'Roboto', 'Helvetica Neue', sans-serif;\">\n                                                    <td class=\"DocumentTitleCell\" valign=\"middle\" height=\"32\" style=\"font-family: 'Segoe UI', -apple-system, BlinkMacSystemFont, 'Roboto', 'Helvetica Neue', sans-serif; text-align: center; padding: 12px 0 32px; height: 32px; font-size: 0; vertical-align: middle;\">\n                                                        <table class=\"DocumentTitleTable\" align=\"center\" border=\"0\" cellpadding=\"0\" cellspacing=\"0\" style=\"border: 0; font-family: 'Segoe UI', -apple-system, BlinkMacSystemFont, 'Roboto', 'Helvetica Neue', sans-serif;\">\n                                                            <tr style=\"font-family: 'Segoe UI', -apple-system, BlinkMacSystemFont, 'Roboto', 'Helvetica Neue', sans-serif;\">\n                                                                <td style=\"font-family: 'Segoe UI', -apple-system, BlinkMacSystemFont, 'Roboto', 'Helvetica Neue', sans-serif;\">\n                                                                    <span class=\"DocumentTitle\" style=\"font-family: 'Segoe UI', -apple-system, BlinkMacSystemFont, 'Roboto', 'Helvetica Neue', sans-serif; vertical-align: middle; line-height: 32px; font-size: 17px; color: #0078D7;\"><a href=\"@{body('Get_item')?['{Link}']}\">@{body('Get_item')?['{Name}']}</a></span>\n                                                                </td>\n                                                            </tr>\n                                                        </table>\n                                                    </td>\n                                                </tr>\n                                            </table>\n                                        </td>\n                                    </tr>\n                                </table>\n                            </td>\n                        </tr>\n                            </table>\n                        </div>\n\n                        <!--[if mso]>\n                        </td></tr></table>\n                        </center>\n                        <![endif]--> \n                        </body>\n                        </html>"},"path":"/sendEmailNotification","authentication":{"type":"Raw","value":"@json(decodeBase64(triggerOutputs().headers['X-MS-APIM-Tokens']))['$ConnectionKey']"}}}},"runAfter":{"Do_until_(Rejected)":["Succeeded"]},"expression":"@equals(variables('updateSucceeded'), false)","type":"If"}}},"expression":"@equals(body('Start_an_approval')?['response'], 'Approve')","type":"If"},"Initialize_variable":{"runAfter":{"Start_an_approval":["Succeeded"]},"type":"InitializeVariable","inputs":{"variables":[{"name":"updateSucceeded","type":"Boolean","value":false}]}},"Initialize_variable_2":{"runAfter":{"Initialize_variable":["Succeeded"]},"type":"InitializeVariable","inputs":{"variables":[{"name":"retries","type":"Integer","value":0}]}},"Update_item":{"runAfter":{"Get_item":["Succeeded"]},"metadata":{"flowSystemMetadata":{"swaggerOperationId":"PatchItem"}},"type":"ApiConnection","inputs":{"host":{"api":{"runtimeUrl":"https://flow-apim-msmanaged-na-northcentralus-01.azure-apim.net/apim/sharepointonline"},"connection":{"name":"@json(decodeBase64(triggerOutputs().headers['X-MS-APIM-Tokens']))['$connections']['shared_sharepointonline']['connectionId']"}},"method":"patch","body":{"SignOffStatus":"Pending"},"path":"/datasets/@{encodeURIComponent(encodeURIComponent('https://contosodemosk.sharepoint.com/vfs'))}/tables/@{encodeURIComponent(encodeURIComponent('0cc41ef2-34d0-490c-9b00-f6189650cea7'))}/items/@{encodeURIComponent(triggerBody()?['entity']?['ID'])}","authentication":{"type":"Raw","value":"@json(decodeBase64(triggerOutputs().headers['X-MS-APIM-Tokens']))['$ConnectionKey']"},"retryPolicy":{"type":"fixed","count":13,"interval":"PT1M"}}}},"outputs":{},"description":"This flow lets you send an item to others to get their approval. Any one of the approvers can approve. You can track the status for this request using the Sign-off status column."},"connectionReferences":{"shared_sharepointonline":{"connectionName":"shared-sharepointonl-c3eea7d2-0330-4cd0-ae10-9f24f3d8057d","source":"Invoker","id":"/providers/Microsoft.PowerApps/apis/shared_sharepointonline","tier":"NotSpecified"},"shared_approvals":{"connectionName":"shared-approvals-460adf3b-67ba-46f9-ba49-17401046b27d","source":"Invoker","id":"/providers/Microsoft.PowerApps/apis/shared_approvals","tier":"NotSpecified"},"shared_flowpush":{"connectionName":"shared-flowpush-a9dc7c9c-b5c5-4776-b315-52ef202ce5ee","source":"Invoker","id":"/providers/Microsoft.PowerApps/apis/shared_flowpush","tier":"NotSpecified"}},"flowFailureAlertSubscribed":false}}