{"name":"b4db83a9-ddad-4ae4-b34c-a8c8c3d96b74","id":"/providers/Microsoft.Flow/flows/b4db83a9-ddad-4ae4-b34c-a8c8c3d96b74","type":"Microsoft.Flow/flows","properties":{"apiId":"/providers/Microsoft.PowerApps/apis/shared_logicflows","displayName":"GetContentPDF","definition":{"metadata":{"workflowEntityId":null,"processAdvisorMetadata":null,"flowChargedByPaygo":null,"flowclientsuspensionreason":"None","flowclientsuspensiontime":null,"flowclientsuspensionreasondetails":null,"creator":{"id":"dac88abf-6de6-46d4-ba3d-18957388a0c7","type":"User","tenantId":"e0981556-faf6-4646-803b-f8e6551dd495"},"provisioningMethod":"FromDefinition","failureAlertSubscription":true,"clientLastModifiedTime":"2024-11-24T08:31:21.8888904Z","connectionKeySavedTimeKey":"2024-11-24T08:31:21.8888904Z"},"$schema":"https://schema.management.azure.com/providers/Microsoft.Logic/schemas/2016-06-01/workflowdefinition.json#","contentVersion":"1.0.0.0","parameters":{"$connections":{"defaultValue":{},"type":"Object"},"$authentication":{"defaultValue":{},"type":"SecureObject"}},"triggers":{"manual":{"metadata":{"operationMetadataId":"3d2f7a63-9dba-4560-8d73-9691f75e29ad"},"type":"Request","kind":"PowerAppV2","inputs":{"schema":{"type":"object","properties":{"text":{"title":"SitePath","type":"string","x-ms-dynamically-added":true,"description":"Please enter your input","x-ms-content-hint":"TEXT"},"text_1":{"title":"FilePath","type":"string","x-ms-dynamically-added":true,"description":"Please enter your input","x-ms-content-hint":"TEXT"}},"required":["text","text_1"]}}}},"actions":{"Initialize_variable":{"runAfter":{},"metadata":{"operationMetadataId":"e4bc8b34-6de1-4d03-9b1a-05844a05fa4e"},"type":"InitializeVariable","inputs":{"variables":[{"name":"SPUrl","type":"string","value":"@triggerBody()['text']"}]}},"Get_file_content_using_path":{"runAfter":{"Initialize_variable":["Succeeded"]},"metadata":{"operationMetadataId":"679b3423-3edb-49d2-8b01-5037aa687a4c"},"type":"OpenApiConnection","inputs":{"host":{"apiId":"/providers/Microsoft.PowerApps/apis/shared_sharepointonline","connectionName":"shared_sharepointonline","operationId":"GetFileContentByPath"},"parameters":{"dataset":"@variables('SPUrl')","path":"@triggerBody()['text_1']","inferContentType":true},"authentication":{"value":"@json(decodeBase64(triggerOutputs().headers['X-MS-APIM-Tokens']))['$ConnectionKey']","type":"Raw"}}},"Respond_to_a_Power_App_or_flow":{"runAfter":{"Compose":["Succeeded"]},"metadata":{"operationMetadataId":"b3b8a442-f913-4d4c-954b-dc47ae3c3faf"},"type":"Response","kind":"PowerApp","inputs":{"statusCode":200,"body":{"result":"@{outputs('Compose')}"},"schema":{"type":"object","properties":{"result":{"title":"Result","x-ms-dynamically-added":true,"type":"string"}}}}},"Compose":{"runAfter":{"Get_file_content_using_path":["Succeeded"]},"metadata":{"operationMetadataId":"579b4ae2-cdf4-428e-83ac-0cbf3bef3547"},"type":"Compose","inputs":"@dataUri(body('Get_file_content_using_path'))"}}},"connectionReferences":{"shared_sharepointonline":{"connectionName":"shared-sharepointonl-9ae00680-c6cd-4f98-9118-dabc4292c3d5","source":"Invoker","id":"/providers/Microsoft.PowerApps/apis/shared_sharepointonline","tier":"NotSpecified"}},"flowFailureAlertSubscribed":false,"isManaged":false}}