{"schemaVersion":"1.0","appDefinitionTemplate":{"id":"/providers/Microsoft.PowerApps/apps/","type":"Microsoft.PowerApps/apps","tags":{"primaryDeviceWidth":"1366","primaryDeviceHeight":"768","supportsPortrait":"true","supportsLandscape":"true","primaryFormFactor":"Tablet","showStatusBar":"false","publisherVersion":"3.24111.12","minimumRequiredApiVersion":"2.2.0","hasComponent":"false","hasUnlockedComponent":"false","isUnifiedRootApp":"false","sienaVersion":"20241124T104611Z-3.24111.12.0"},"properties":{"appVersion":"2024-11-24T10:46:11Z","lifeCycleId":"Published","createdByClientVersion":{"major":3,"minor":24111,"build":12,"revision":0,"majorRevision":0,"minorRevision":0},"minClientVersion":{"major":3,"minor":24111,"build":12,"revision":0,"majorRevision":0,"minorRevision":0},"backgroundColor":"RGBA(0,176,240,1)","backgroundImageUri":"/2536176736490890173/N257fbf6a-f8b5-4ed2-83c9-3b1a9511de5f-logoSmallFile","displayName":"PnP Sample","description":"","commitMessage":"","appUris":{"documentUri":{"value":"/2536176736490890173/N461f728a-6fbf-47ff-9d3d-bb3f7335e61b-document.msapp"},"imageUris":[],"additionalUris":[{"isSolutionAware":false,"value":"/2536176736490890173/Nf18b5590-0bc1-48d6-86f9-f26b393b7b27-identity.json"}]},"createdTime":"0001-01-01T00:00:00Z","lastModifiedTime":"0001-01-01T00:00:00Z","sharedGroupsCount":0,"sharedUsersCount":0,"connectionReferences":{"66b5498c-5701-4602-91aa-c5af99234192":{"id":"f04a5ed6-29f5-486e-b670-ae6b47ecec02","displayName":"SharePoint","iconUri":"https://connectoricons-prod.azureedge.net/u/jayawan/releases/v1.0.1697/1.0.1697.3786/sharepointonline/icon.png","dataSources":[],"dependencies":[],"dependents":["0e43c8b4-9ae3-4fb8-90a1-f6120547564e","c65da143-6fd5-46a8-835b-d153aebf50e6"],"parameterHints":{},"parameterHintsV2":{},"isOnPremiseConnection":false,"bypassConsent":false,"dataSets":{},"apiTier":"Standard","isCustomApiConnection":false},"0e43c8b4-9ae3-4fb8-90a1-f6120547564e":{"id":"a82e8b47-0a59-4e8b-aab2-147934029b4a","displayName":"Logic flows","iconUri":"https://connectoricons-prod.azureedge.net/releases/v1.0.1719/1.0.1719.3955/logicflows/icon.png","dataSources":["SendSignature"],"dependencies":["66b5498c-5701-4602-91aa-c5af99234192","137ae628-fd70-4cfd-ae7f-75840d3dc775"],"dependents":[],"parameterHints":{"workflowName":{"value":"536a2a18-8bc9-4dc8-8701-5a6d688a99e0"},"workflowEntityId":{},"workflowDisplayName":{"value":"SendSignature"},"66b5498c-5701-4602-91aa-c5af99234192":{"value":"shared_sharepointonline"},"137ae628-fd70-4cfd-ae7f-75840d3dc775":{"value":"shared_onedriveforbusiness"}},"parameterHintsV2":{"workflowName":{"value":"536a2a18-8bc9-4dc8-8701-5a6d688a99e0"},"workflowEntityId":{},"workflowDisplayName":{"value":"SendSignature"},"shared_sharepointonline":{"value":"66b5498c-5701-4602-91aa-c5af99234192"},"shared_onedriveforbusiness":{"value":"137ae628-fd70-4cfd-ae7f-75840d3dc775"}},"isOnPremiseConnection":false,"bypassConsent":false,"dataSets":{},"apiTier":"Standard","isCustomApiConnection":false,"actions":["Run"],"nestedActions":[{"id":"/providers/Microsoft.PowerApps/apis/shared_sharepointonline/apiOperations/CreateFile","apiName":"SharePoint","actionName":"CreateFile","referencedResources":[{"key":"site","value":"[DYNAMIC_VALUE]"}]},{"id":"/providers/Microsoft.PowerApps/apis/shared_sharepointonline/apiOperations/HttpRequest","apiName":"SharePoint","actionName":"HttpRequest","referencedResources":[{"key":"site","value":"[DYNAMIC_VALUE]"}]},{"id":"/providers/Microsoft.PowerApps/apis/shared_onedriveforbusiness/apiOperations/CreateFile","apiName":"OneDrive for Business","actionName":"CreateFile","referencedResources":[]},{"id":"/providers/Microsoft.PowerApps/apis/shared_onedriveforbusiness/apiOperations/ConvertFile","apiName":"OneDrive for Business","actionName":"ConvertFile","referencedResources":[]}]},"137ae628-fd70-4cfd-ae7f-75840d3dc775":{"id":"02f81b78-411b-4c86-a9ea-09bd7cf9912e","displayName":"OneDrive for Business","iconUri":"https://connectoricons-prod.azureedge.net/releases/v1.0.1689/1.0.1689.3722/onedriveforbusiness/icon.png","dataSources":[],"dependencies":[],"dependents":["0e43c8b4-9ae3-4fb8-90a1-f6120547564e"],"parameterHints":{},"parameterHintsV2":{},"isOnPremiseConnection":false,"bypassConsent":false,"dataSets":{},"apiTier":"Standard","isCustomApiConnection":false},"c65da143-6fd5-46a8-835b-d153aebf50e6":{"id":"a82e8b47-0a59-4e8b-aab2-147934029b4a","displayName":"Logic flows","iconUri":"https://connectoricons-prod.azureedge.net/releases/v1.0.1719/1.0.1719.3955/logicflows/icon.png","dataSources":["GetContentPDF"],"dependencies":["66b5498c-5701-4602-91aa-c5af99234192"],"dependents":[],"parameterHints":{"workflowName":{"value":"6d3ed1ad-66d5-4e44-a2c5-1c6702e56b8f"},"workflowEntityId":{},"workflowDisplayName":{"value":"GetContentPDF"},"66b5498c-5701-4602-91aa-c5af99234192":{"value":"shared_sharepointonline"}},"parameterHintsV2":{"workflowName":{"value":"6d3ed1ad-66d5-4e44-a2c5-1c6702e56b8f"},"workflowEntityId":{},"workflowDisplayName":{"value":"GetContentPDF"},"shared_sharepointonline":{"value":"66b5498c-5701-4602-91aa-c5af99234192"}},"isOnPremiseConnection":false,"bypassConsent":false,"dataSets":{},"apiTier":"Standard","isCustomApiConnection":false,"actions":["Run"],"nestedActions":[{"id":"/providers/Microsoft.PowerApps/apis/shared_sharepointonline/apiOperations/GetFileContentByPath","apiName":"SharePoint","actionName":"GetFileContentByPath","referencedResources":[{"key":"site","value":"[DYNAMIC_VALUE]"}]}]}},"databaseReferences":{},"almMode":"Environment","performanceOptimizationEnabled":false,"canConsumeAppPass":false,"enableModernRuntimeMode":false,"executionRestrictions":{"isTeamsOnly":false,"dataLossPreventionEvaluationResult":{"status":"Compliant","lastEvaluationDate":"2024-11-24T10:46:17.5937943Z","violations":[],"violationsByPolicy":[],"violationErrorMessage":"The app uses the following connectors: shared_sharepointonline, shared_logicflows, shared_onedriveforbusiness."},"httpActionRestriction":{"appUsesSharepointHttpAction":true,"enforcementStrategy":"Legacy","evaluationTime":"2024-11-24T10:46:17.5936242Z"}}},"appType":"ClassicCanvasApp","appComponents":[]}}