{"name":"a8d48bd8-8eec-459c-aeb8-553abd049103","id":"/providers/Microsoft.Flow/flows/a8d48bd8-8eec-459c-aeb8-553abd049103","type":"Microsoft.Flow/flows","properties":{"apiId":"/providers/Microsoft.PowerApps/apis/shared_logicflows","displayName":"SendSignature","definition":{"metadata":{"workflowEntityId":null,"processAdvisorMetadata":null,"flowChargedByPaygo":null,"flowclientsuspensionreason":"None","flowclientsuspensiontime":null,"flowclientsuspensionreasondetails":null,"creator":{"id":"dac88abf-6de6-46d4-ba3d-18957388a0c7","type":"User","tenantId":"e0981556-faf6-4646-803b-f8e6551dd495"},"provisioningMethod":"FromDefinition","failureAlertSubscription":true,"clientLastModifiedTime":"2024-11-24T10:46:06.7149959Z","connectionKeySavedTimeKey":"2024-11-24T10:46:06.7149959Z"},"$schema":"https://schema.management.azure.com/providers/Microsoft.Logic/schemas/2016-06-01/workflowdefinition.json#","contentVersion":"1.0.0.0","parameters":{"$connections":{"defaultValue":{},"type":"Object"},"$authentication":{"defaultValue":{},"type":"SecureObject"}},"triggers":{"manual":{"metadata":{"operationMetadataId":"ab4e9310-6c1d-41a0-952b-44ca7e488939"},"type":"Request","kind":"PowerAppV2","inputs":{"schema":{"type":"object","properties":{"text":{"title":"Blob","type":"string","x-ms-dynamically-added":true,"description":"Please enter your input","x-ms-content-hint":"TEXT"},"number":{"title":"ID","type":"number","x-ms-dynamically-added":true,"description":"Please enter a number","x-ms-content-hint":"NUMBER"},"text_1":{"title":"UserName","type":"string","x-ms-dynamically-added":true,"description":"Please enter your input","x-ms-content-hint":"TEXT"},"text_2":{"title":"SitePath","type":"string","x-ms-dynamically-added":true,"description":"Please enter your input","x-ms-content-hint":"TEXT"},"text_3":{"title":"DestinationUrl","type":"string","x-ms-dynamically-added":true,"description":"Please enter your input","x-ms-content-hint":"TEXT"},"text_4":{"title":"List","type":"string","x-ms-dynamically-added":true,"description":"Please enter your input","x-ms-content-hint":"TEXT"}},"required":["text","number","text_1","text_2","text_3","text_4"]}}}},"actions":{"Create_file":{"runAfter":{"Initialize_variable_HTML":["Succeeded"]},"metadata":{"operationMetadataId":"6f7b4022-f1fc-4a70-870a-a9164e04c40a"},"type":"OpenApiConnection","inputs":{"host":{"apiId":"/providers/Microsoft.PowerApps/apis/shared_sharepointonline","connectionName":"shared_sharepointonline","operationId":"CreateFile"},"parameters":{"dataset":"@variables('SPUrl')","folderPath":"@triggerBody()['text_3']","name":"@{variables('FileName')}.png","body":"@dataUriToBinary(triggerBody()['text'])"},"authentication":{"value":"@json(decodeBase64(triggerOutputs().headers['X-MS-APIM-Tokens']))['$ConnectionKey']","type":"Raw"}},"runtimeConfiguration":{"contentTransfer":{"transferMode":"Chunked"}}},"Update_Image_url":{"runAfter":{"Create_file":["Succeeded"]},"metadata":{"operationMetadataId":"75a83bce-79b3-4744-9db4-41908fca1ee0"},"type":"OpenApiConnection","inputs":{"host":{"apiId":"/providers/Microsoft.PowerApps/apis/shared_sharepointonline","connectionName":"shared_sharepointonline","operationId":"HttpRequest"},"parameters":{"dataset":"@variables('SPUrl')","parameters/method":"POST","parameters/uri":"_api/web/lists/getbytitle('@{triggerBody()['text_4']}')/items(@{triggerBody()['number']})/validateUpdateListItem()","parameters/headers":{"Content-Type":"application/json;odata=verbose","accept":"application/json;odata=verbose"},"parameters/body":"{\n  \"formValues\": [\n    {\n      \"FieldName\": \"Image\",\n      \"FieldValue\": \"{\\\"type\\\":\\\"thumbnail\\\",\\\"fileName\\\":\\\"@{variables('FileName')}.png\\\",\\\"fieldName\\\":\\\"Image\\\",\\\"serverUrl\\\":\\\"@{variables('SPUrl')}\\\",\\\"serverRelativeUrl\\\":\\\"@{triggerBody()['text_3']}/@{variables('FileName')}.png\\\"}\",\n      \"HasException\": false,\n      \"ErrorMessage\": null\n    },\n    {\n      \"FieldName\": \"Category\",\n      \"FieldValue\": \"Completed ✔️\",\n      \"HasException\": false,\n      \"ErrorMessage\": null\n    }\n  ],\n  \"bNewDocumentUpdate\": false,\n  \"checkInComment\": null\n}"},"authentication":{"value":"@json(decodeBase64(triggerOutputs().headers['X-MS-APIM-Tokens']))['$ConnectionKey']","type":"Raw"}}},"Initialize_variable_FileName":{"runAfter":{"Initialize_variable_SPUrl":["Succeeded"]},"metadata":{"operationMetadataId":"4becf371-cc38-42ad-86a2-747d6bc2a9dd"},"type":"InitializeVariable","inputs":{"variables":[{"name":"FileName","type":"string","value":"@{triggerBody()['number']}@{rand(1, 100)}"}]}},"Initialize_variable_SPUrl":{"runAfter":{},"metadata":{"operationMetadataId":"9e081cf4-cc90-436e-b27d-0090c85df4ed"},"type":"InitializeVariable","inputs":{"variables":[{"name":"SPUrl","type":"string","value":"@triggerBody()['text_2']"}]}},"Initialize_variable_HTML":{"runAfter":{"Initialize_variable_FileName":["Succeeded"]},"metadata":{"operationMetadataId":"1c49d91f-b6c3-4654-8ef7-6299eca5d3b2"},"type":"InitializeVariable","inputs":{"variables":[{"name":"HTML","type":"string","value":"<!DOCTYPE html>\n<html lang=\"en\">\n<head>\n    <meta charset=\"UTF-8\">\n    <meta name=\"viewport\" content=\"width=device-width, initial-scale=1.0\">\n    <title>PnP Sample Report</title>\n    <style>\n        body {\n            font-family: Arial, sans-serif;\n            margin: 20px;\n            line-height: 1.6;\n            background-color: #f4f4f9;\n        }\n        h1 {\n            text-align: center;\n            color: #333;\n        }\n        .summary {\n            margin: 20px 0;\n            padding: 10px;\n            background: #fff;\n            border-left: 5px solid #007BFF;\n        }\n        .table-container {\n            margin-top: 20px;\n            overflow-x: auto;\n        }\n        table {\n            width: 100%;\n            border-collapse: collapse;\n            margin-top: 10px;\n        }\n        th, td {\n            padding: 10px;\n            text-align: left;\n            border: 1px solid #ddd;\n        }\n        th {\n            background-color: #007BFF;\n            color: white;\n        }\n        .image-container {\n            text-align: center;\n            margin: 20px 0;\n        }\n        .image-container img {\n            max-width: 100%;\n            height: auto;\n            border: 2px solid #ddd;\n        }\n        footer {\n            text-align: center;\n            margin-top: 20px;\n            font-size: 0.9em;\n            color: #777;\n        }\n    </style>\n</head>\n<body>\n    <h1>PnP Report</h1>\n    <div class=\"summary\">\n        <h2>Summary</h2>\n        <p>\n            This is a sample report for PnP presentation\n        </p>\n    </div>\n    \n    <div class=\"image-container\">\n        <h2>Digital Signature</h2>\n        <img src=\"@{triggerBody()['text']}\" alt=\"Digital Signature\">\n<div>@{triggerBody()['text_1']}</div>\n    </div>\n    \n    <div class=\"table-container\">\n        <h2>Key Metrics</h2>\n        <table>\n            <thead>\n                <tr>\n                    <th>Metric</th>\n                    <th>Value</th>\n                    <th>Change</th>\n                </tr>\n            </thead>\n            <tbody>\n                <tr>\n                    <td>Sample Sales</td>\n                    <td>$50,000</td>\n                    <td>+10%</td>\n                </tr>\n                <tr>\n                    <td>Sample Customers</td>\n                    <td>150</td>\n                    <td>+25%</td>\n                </tr>\n                <tr>\n                    <td>Sample Customer Satisfaction</td>\n                    <td>4.5/5</td>\n                    <td>+5%</td>\n                </tr>\n            </tbody>\n        </table>\n    </div>\n    \n    <footer>\n        <p>Generated on: @{formatDateTime(utcNow(), 'MMMM dd, yyyy')}</p>\n    </footer>\n</body>\n</html>\n"}]}},"Create_file_2":{"runAfter":{"Update_Image_url":["Succeeded"]},"metadata":{"operationMetadataId":"647c052c-5682-4298-8be1-ae19db77fc12"},"type":"OpenApiConnection","inputs":{"host":{"apiId":"/providers/Microsoft.PowerApps/apis/shared_onedriveforbusiness","connectionName":"shared_onedriveforbusiness","operationId":"CreateFile"},"parameters":{"folderPath":"/","name":"@{variables('FileName')}.html","body":"@variables('HTML')"},"authentication":{"value":"@json(decodeBase64(triggerOutputs().headers['X-MS-APIM-Tokens']))['$ConnectionKey']","type":"Raw"}},"runtimeConfiguration":{"contentTransfer":{"transferMode":"Chunked"}}},"Convert_file":{"runAfter":{"Create_file_2":["Succeeded"]},"metadata":{"operationMetadataId":"86c02fd0-e156-4e9e-a9d2-0b2731db9124"},"type":"OpenApiConnection","inputs":{"host":{"apiId":"/providers/Microsoft.PowerApps/apis/shared_onedriveforbusiness","connectionName":"shared_onedriveforbusiness","operationId":"ConvertFile"},"parameters":{"id":"@outputs('Create_file_2')?['body/Id']","type":"PDF"},"authentication":{"value":"@json(decodeBase64(triggerOutputs().headers['X-MS-APIM-Tokens']))['$ConnectionKey']","type":"Raw"}}},"Update_Report_url":{"runAfter":{"Create_file_Report":["Succeeded"]},"metadata":{"operationMetadataId":"75a83bce-79b3-4744-9db4-41908fca1ee0"},"type":"OpenApiConnection","inputs":{"host":{"apiId":"/providers/Microsoft.PowerApps/apis/shared_sharepointonline","connectionName":"shared_sharepointonline","operationId":"HttpRequest"},"parameters":{"dataset":"@variables('SPUrl')","parameters/method":"POST","parameters/uri":"_api/web/lists/getbytitle('@{triggerBody()['text_4']}')/items(@{triggerBody()['number']})/validateUpdateListItem()","parameters/headers":{"Content-Type":"application/json;odata=verbose","accept":"application/json;odata=verbose"},"parameters/body":"{\n  \"formValues\": [\n    {\n      \"FieldName\": \"ReportUrl\",\n       \"FieldValue\": \"@{triggerBody()['text_3']}/@{outputs('Convert_file')?['headers/x-ms-file-name']}\",\n      \"HasException\": false,\n      \"ErrorMessage\": null\n    }\n  ],\n  \"bNewDocumentUpdate\": false,\n  \"checkInComment\": null\n}"},"authentication":{"value":"@json(decodeBase64(triggerOutputs().headers['X-MS-APIM-Tokens']))['$ConnectionKey']","type":"Raw"}}},"Create_file_Report":{"runAfter":{"Convert_file":["Succeeded"]},"metadata":{"operationMetadataId":"bf39e397-6d8e-49c4-a27f-b11958483c03"},"type":"OpenApiConnection","inputs":{"host":{"apiId":"/providers/Microsoft.PowerApps/apis/shared_sharepointonline","connectionName":"shared_sharepointonline","operationId":"CreateFile"},"parameters":{"dataset":"@variables('SPUrl')","folderPath":"@triggerBody()['text_3']","name":"@outputs('Convert_file')?['headers/x-ms-file-name']","body":"@body('Convert_file')"},"authentication":{"value":"@json(decodeBase64(triggerOutputs().headers['X-MS-APIM-Tokens']))['$ConnectionKey']","type":"Raw"}},"runtimeConfiguration":{"contentTransfer":{"transferMode":"Chunked"}}}}},"connectionReferences":{"shared_sharepointonline":{"connectionName":"shared-sharepointonl-9ae00680-c6cd-4f98-9118-dabc4292c3d5","source":"Invoker","id":"/providers/Microsoft.PowerApps/apis/shared_sharepointonline","tier":"NotSpecified"},"shared_onedriveforbusiness":{"connectionName":"shared-onedriveforbu-24be11f8-cd90-4186-8c3a-bb63a7e8fe6f","source":"Invoker","id":"/providers/Microsoft.PowerApps/apis/shared_onedriveforbusiness","tier":"NotSpecified"}},"flowFailureAlertSubscribed":false,"isManaged":false}}